PSDB | CANDIDATO | EVANDRO BUQUERA DE FREITAS OLIVEIRA JUNIOR | 20569527000149,64467,0.02355148991304597747
PSC | CANDIDATO | LUIZ AUGUSTO SILVA | 20614126000163,45313,0.02061855219037524514
PDT | CANDIDATO | MARCIO ADRIANO PAULIKI | 20576946000108,62762,0.01876113020835277340
PSDB | CANDIDATO | PAULO HENRIQUE COLETTI FERNANDES | 20569792000127,60918,0.01875050669181350244
PSD | CANDIDATO | NEY LEPREVOST NETO | 20578031000131,71470,0.01873989519962798375
PMDB | CANDIDATO | NEREU ALVES DE MOURA | 20571566000180,48735,0.01550252566373719332
PSC | CANDIDATO | CARLOS ROBERTO MASSA JUNIOR | 20569317000150,300928,0.01450433412954123778
PMDB | CANDIDATO | ANTONIO ANNIBELLI NETO | 20573065000133,49349,0.01431002368960356333
PMDB | CANDIDATO | REINHOLD STEPHANES JUNIOR | 20572360000175,39965,0.01394248202852321761
PT | CANDIDATO | PÉRICLES DE HOLLEBEN MELLO | 20580490000150,40966,0.01392070753308125020
PP | CANDIDATO | MARIA VICTORIA BORGHETTI BARROS | 20569894000142,44870,0.01306763804962219645
PROS | CANDIDATO | LEÔNIDAS EDSON KUZMA | 20573425000105,19154,0.01306248316281761156
PMDB | CANDIDATO | MAURICIO THADEU DE MELLO E SILVA | 20573480000197,50167,0.01285957080300685271
PSDB | CANDIDATO | MAURO RAFAEL MORAES E SILVA | 20570863000101,49925,0.01261943400066411862
PDT | CANDIDATO | MARLY PAULINO FAGUNDES | 20576749000199,34293,0.01212878072213110538
PMDB | CANDIDATO | ALEXANDRE MARANHÃO KHURY | 20569229000159,114797,0.01210727415639584886
DEM | CANDIDATO | ELIO LINO RUSCH | 20570726000177,54993,0.01201066188528931641
PP | CANDIDATO | JOSE ROBERTO ESPOSTI | 20573048000104,3765,0.01182621243490808785
PT | CANDIDATO | JOSÉ RODRIGUES LEMOS | 20576621000125,42374,0.01151690124844776536
PMDB | CANDIDATO | ADEMIR ANTONIO OSMAR BIER | 20569880000129,45699,0.01043270158088930276
PMDB | CANDIDATO | ROBERTO ROLIM DE MOURA JUNIOR | 20568996000143,1251,0.01042941569062760462
PV | CANDIDATO | ITAMIR VIOLA | 20572885000100,16380,0.01042941569062760462
PV | CANDIDATO | ODILON VOLKMANN | 20570787000134,1361,0.01042941569062760462
PP | CANDIDATO | JOSE CARLOS SCHIAVINATO | 20571109000196,61507,0.00982593318033906510
PT | CANDIDATO | TANIA FATIMA CALVI TAIT | 20576537000101,891,0.00836289236022423957
PT | CANDIDATO | ARILSON MAROLDI CHIORATO | 20576090000170,27299,0.00836289236022423957
PT | CANDIDATO | JOSETE DUBIASKI DA SILVA | 20576738000109,6908,0.00819695746039299060
PT | CANDIDATO | ALISSON ANTHONY WANDSCHEER | 20576027000134,34945,0.00818540973915270892
PT | CANDIDATO | ANICE NAGIB GAZZAOUI | 20577015000124,13829,0.00815859117225634957
PPS | CANDIDATO | ALDAIR TARCISIO RIZZI | 20570515000134,5010,0.00741123429224320538
PSDC | CANDIDATO | JOSÉ CARLOS CHICARELLI | 20581731000185,8001,0.00122968818620992535
PSL | CANDIDATO | DIRCEU MOREIRA CARRIEL | 20573013000167,16842,0.00035133948177426435
PMDB | CANDIDATO | LUIZ CLAUDIO ROMANELLI | 20571112000100,60298,0.00027448397013614406
PSB | CANDIDATO | JOSÉ GILBERTO DO CARMO ALVES RIBEIRO | 20572131000150,76110,0.00026350461133069827
PT | CANDIDATO | ANTONIO TADEU VENERI | 20609557000131,42206,0.00019762845849802371
PSB | CANDIDATO | RUI KIYOSHI HARA | 20571237000130,19039,0.00017566974088713220
DEM | CANDIDATO | PLAUTO MIRÓ GUIMARÃES FILHO | 20572133000140,63959,0.00017566974088713220
PSOL | CANDIDATO | JOSE MAURO NONATO | 20559504000153,715,0.00017566974088713220
PSC | CANDIDATO | EVANDRO JOSE DA CRUZ ARAUJO | 20570327000106,23233,0.00015810276679841895
PTB | CANDIDATO | CARLOS ROBERTO FRISOLI | 20576768000115,9756,0.00013175230566534913
PSB | CANDIDATO | NILTON CAMARGO COSTA | 20569754000174,1819,0.00011711316059142147
PSDB | CANDIDATO | JOSÉ FRANCISCO BUHRER | 20571486000125,50757,0.00011711316059142147
PTB | CANDIDATO | JOSÉ DO CARMO GARCIA | 20576335000160,24261,0.00008783487044356610
PSOL | CANDIDATO | CARLOS GOMES DE MATTOS | 20559446000168,131,0.00008783487044356610
PSDC | CANDIDATO | AGENOR DA SILVA PEREIRA | 20577025000160,7746,0.00008783487044356610
PSOL | CANDIDATO | XÊNIA KAROLINE MELLO | 20559153000180,2399,0.00008783487044356610
SD | CANDIDATO | LUIS FELIPE BONATTO FRANCISCHINI | 20574098000106,35842,0.00008783487044356610
PTB | CANDIDATO | NELSI COGUETTO MARIA | 20576470000105,26263,0.00008783487044356610
PSB | CANDIDATO | WILSON LUIZ DARIENZO QUINTEIRO | 20573194000121,41195,0.00008783487044356610
PSC | CANDIDATO | ANTONIO BENEDITO FENELON | 20566874000118,22929,0.00008783487044356610
PT | CANDIDATO | MARCIA APARECIDA DE OLIVEIRA NEVES | 20576780000120,4838,0.00008783487044356610
PV | CANDIDATO | JOSE CLAUDIR AQUINO | 20569130000157,268,0.00000000000000000000
PT | CANDIDATO | VANDERLEY ZIGER | 20576935000128,28064,0.00000000000000000000
PSL | CANDIDATO | ZILTON MAXIMO DA SILVA | 20571768000122,250,0.00000000000000000000
DEM | CANDIDATO | SABINO PICOLO | 20570862000167,23296,0.00000000000000000000
PV | CANDIDATO | MAURO NEIVA | 20572631000192,222,0.00000000000000000000
PPS | CANDIDATO | SONIA BRUSCH | 20572118000100,1933,0.00000000000000000000
PMN | CANDIDATO | ROBISON RICARDO FURMAN | 20659701000144,2659,0.00000000000000000000
PV | CANDIDATO | AROLDO DE MEIRA | 20571608000183,573,0.00000000000000000000
PDT | CANDIDATO | JOAQUIM DONIZETI DO CARMO | 20576421000172,2742,0.00000000000000000000
PSC | CANDIDATO | LEONALDO PARANHOS DA SILVA | 20572143000185,69684,0.00000000000000000000
SD | CANDIDATO | KATYA MICHELLY CAETANO DA SILVA | 20633082000119,2026,0.00000000000000000000
PTN | CANDIDATO | ANTONIO NEGRÃO | 20576614000123,790,0.00000000000000000000
PSDC | CANDIDATO | APARECIDO HERNANDEZ DEL MAZO | 20622972000125,276,0.00000000000000000000
PV | CANDIDATO | ONORIO CESAR DE FREITAS | 20569041000100,482,0.00000000000000000000
PMDB | CANDIDATO | ELIANE REGINA DOS SANTOS BORGES DA SILVA | 20572589000100,1101,0.00000000000000000000
PSDC | CANDIDATO | PAULO DA ROSA | 20576921000104,233,0.00000000000000000000
PP | CANDIDATO | DAGMAR PIOLI GONÇALVES | 20572750000145,218,0.00000000000000000000
PSDB | CANDIDATO | FRANCISCO PUTON | 20570740000170,14400,0.00000000000000000000
PTN | CANDIDATO | SOLANGE DOS SANTOS VIEIRA | 20576792000154,0,0.00000000000000000000
PSC | CANDIDATO | JULIO HIDEO ANDO | 20564954000134,1782,0.00000000000000000000
PTC | CANDIDATO | ADRIANO FERREIRA PEDROSO | 20581248000109,382,0.00000000000000000000
PP | CANDIDATO | VANILDO FELIPE SOTERO | 20571925000108,4075,0.00000000000000000000
PTC | CANDIDATO | ADAO ROWIECKI | 20581629000180,437,0.00000000000000000000
PP | CANDIDATO | ANTONIO CARLOS SALLES BELINATI | 20573491000177,28542,0.00000000000000000000
PMDB | CANDIDATO | GILBERTO BERGUIO MARTIN | 20572047000137,16842,0.00000000000000000000
PTN | CANDIDATO | SÉRGIO COSTA XAVIER | 20614217000107,96,0.00000000000000000000
PSDC | CANDIDATO | CENIRA TRINDADE DOS SANTOS | 20622966000178,248,0.00000000000000000000
PR | CANDIDATO | FRANCISCO OCTAVIO BECKERT | 20570872000100,18287,0.00000000000000000000
PTN | CANDIDATO | MARGARETH APARECIDA DORANEM | 20604145000109,18,0.00000000000000000000
PSC | CANDIDATO | DEVANIL REGINALDO DA SILVA | 20564046000140,29097,0.00000000000000000000
PPS | CANDIDATO | LUIZ HENRIQUE BERLITZ | 20572223000130,144,0.00000000000000000000
PSD | CANDIDATO | ANA CLAUDIA SABINO | 20578211000113,342,0.00000000000000000000
PSD | CANDIDATO | JOEL MELO CORDEIRO | 20577872000124,6088,0.00000000000000000000
PSC | CANDIDATO | JOSE ANTONIO CAMARGO | 20566605000151,12688,0.00000000000000000000
PSC | CANDIDATO | ELIZETE LOIOLA PAIVA | 20573436000187,87,0.00000000000000000000
PSDC | CANDIDATO | ROMUALDO CAMARGO | 20576566000173,2111,0.00000000000000000000
PPS | CANDIDATO | RUI CAPELÃO CARDOSO | 20742970000170,0,0.00000000000000000000
PPL | CANDIDATO | ALZIMARA CABREIRA FRAGA BACELLAR | 20571310000173,778,0.00000000000000000000
PTC | CANDIDATO | SAVIO HENRIQUE CLEMENTE | 20581233000132,393,0.00000000000000000000
PSC | CANDIDATO | ELCIO JAIME DA LUZ | 20568381000117,17968,0.00000000000000000000
PC do B | CANDIDATO | CELIO LEANDRO RODRIGUES | 20576961000156,0,0.00000000000000000000
PSB | CANDIDATO | PAULO ENÉAS BORGES BUENO NETTO | 20570861000112,529,0.00000000000000000000
PSDC | CANDIDATO | JOSÉ APARECIDO CARDOSO DE SÁ | 20579136000105,449,0.00000000000000000000
PSDB | CANDIDATO | LUIZ GUILHERMINO RORATO | 20571340000180,814,0.00000000000000000000
PSC | CANDIDATO | VANIL BARBARINE | 20786474000118,2218,0.00000000000000000000
PC do B | CANDIDATO | CLAUDIO CESAR CASAGRANDE | 20576962000109,4840,0.00000000000000000000
PSDC | CANDIDATO | NELSON SILVA DE LIZ | 20622904000166,531,0.00000000000000000000
PTB | CANDIDATO | VANDER PIAIA | 20576510000119,4574,0.00000000000000000000
PSDB | CANDIDATO | ROBSON CLEIBER DE LIMA | 20569030000120,230,0.00000000000000000000
PTN | CANDIDATO | FABIO ALEXANDRE SILVEIRA | 20604157000133,171,0.00000000000000000000
PSC | CANDIDATO | GRAYCE CLAUDINE VILALVA | 20569061000181,18,0.00000000000000000000
PMDB | CANDIDATO | MARCOS RENATO SUDUL | 20573055000106,1343,0.00000000000000000000
PTN | CANDIDATO | APARECIDO NUNES FLORENCIO | 20604086000179,327,0.00000000000000000000
PSB | CANDIDATO | GUILHERME DE MAGALHÃES SPANGUEMBERG | 20569140000192,4617,0.00000000000000000000
PSD | CANDIDATO | LAURIVAL FERREIRA DA MOTA | 20578229000115,367,0.00000000000000000000
PPS | CANDIDATO | DIRCEU CHELIGA | 20572113000179,457,0.00000000000000000000
PSD | CANDIDATO | FERNANDA ELIZA TOSCANI BURIGO | 20573990000164,295,0.00000000000000000000
PPS | CANDIDATO | MARIA ALICE MACIEL FIGUEIREDO | 20570372000160,61,0.00000000000000000000
PTB | CANDIDATO | RENE BERTI | 20579159000110,388,0.00000000000000000000
SD | CANDIDATO | MARCELO JOSÉ FRANCEZ | 20574694000188,312,0.00000000000000000000
PSDC | CANDIDATO | VANDERLEI DONIZETE RODRIGUES | 20576700000136,1474,0.00000000000000000000
PTB | CANDIDATO | ANTONIO BASSI | 20576313000108,87,0.00000000000000000000
PSDB | CANDIDATO | LUIZ RENATO OLIVEIRA JORGE HAULY | 20569571000159,31802,0.00000000000000000000
PDT | CANDIDATO | ANTONIO FERNANDO SCANAVACCA | 20576319000177,35905,0.00000000000000000000
PSOL | CANDIDATO | MAURI ANTONIO GAUER JUNIOR | 20559196000166,879,0.00000000000000000000
PSD | CANDIDATO | SIDNEY MIAMI DE OLIVEIRA | 20574840000175,346,0.00000000000000000000
PSD | CANDIDATO | JOAO EDUARDO PASQUINI | 20574583000171,24908,0.00000000000000000000
PT do B | CANDIDATO | AROLDO PEREIRA DE LIMA | 20572250000103,374,0.00000000000000000000
PSD | CANDIDATO | ROBSON LUIZ BUENO | 20579188000181,723,0.00000000000000000000
PMDB | CANDIDATO | JONAS GUIMARÃES | 20570441000136,40139,0.00000000000000000000
PMDB | CANDIDATO | MARTINIANO DO VALLE NETO | 20572324000101,1637,0.00000000000000000000
PP | CANDIDATO | DENISE MARIA SCHEFER | 20573335000106,494,0.00000000000000000000
PSC | CANDIDATO | JOSE APARECIDO ALVES | 20566233000163,5264,0.00000000000000000000
PSC | CANDIDATO | CARLOS ANDRÉ SILVA TÁMEZ | 20568488000165,1399,0.00000000000000000000
PSL | CANDIDATO | LEVI SERGIO | 20572617000199,808,0.00000000000000000000
PTN | CANDIDATO | ALEXANDRE FERREIRA DA SILVA | 20604094000115,1986,0.00000000000000000000
PP | CANDIDATO | MARIA SILVANI ARAUJO GONÇALVES | 20572801000139,950,0.00000000000000000000
PSDB | CANDIDATO | SERGIO LUIS BOLONHEZI | 20572107000111,24459,0.00000000000000000000
PRP | CANDIDATO | MARCIO AURELIO VIEIRA DA COSTA | 20576905000111,4597,0.00000000000000000000
PHS | CANDIDATO | PRISCILLA SCHNEIDER FRANCO | 20569435000169,1182,0.00000000000000000000
PEN | CANDIDATO | WANDERLEY VEIGA | 20581517000129,298,0.00000000000000000000
PPS | CANDIDATO | ROSELIA APARECIDA ELBL VANAT | 20577853000106,599,0.00000000000000000000
PSC | CANDIDATO | ARAIDE LOURENÇO DOS SANTOS LIMA | 20569159000139,311,0.00000000000000000000
PSDC | CANDIDATO | FERNANDO JOSÉ RODRIGUES DE OLIVEIRA | 20577775000131,5917,0.00000000000000000000
PSOL | CANDIDATO | RAFAEL BONITO PEREIRA | 20559140000101,4568,0.00000000000000000000
PV | CANDIDATO | ALAERTE LEANDRO MARTINS | 20572166000190,2085,0.00000000000000000000
PPL | CANDIDATO | RUDÁ MORAIS GANDIN | 20569677000152,688,0.00000000000000000000
PTB | CANDIDATO | MARCO ANTONIO BOGAS DE OLIVEIRA | 20698384000175,722,0.00000000000000000000
PTC | CANDIDATO | ALTIVIR ALVES DE OLIVEIRA | 20582072000100,0,0.00000000000000000000
PTN | CANDIDATO | LUIZ CAMARA RAMOS | 20576692000128,94,0.00000000000000000000
PTN | CANDIDATO | JEFFERSON ADRIANO VARELLA | 20576156000122,77,0.00000000000000000000
PSL | CANDIDATO | LUCIA DUTRA PORTO | 20573661000113,42,0.00000000000000000000
PSC | CANDIDATO | WAGNER FERNANDES PINHEIRO | 20572321000178,2386,0.00000000000000000000
PR | CANDIDATO | HILTON SANTIN ROVEDA | 20569286000138,19725,0.00000000000000000000
PV | CANDIDATO | ROQUE BANDEIRA RIBEIRO | 20572628000179,362,0.00000000000000000000
PPS | CANDIDATO | SILVIO APARECIDO LINDES | 20572704000146,4892,0.00000000000000000000
PSDC | CANDIDATO | EDELVIRA GOIS RAMOS | 20622992000104,63,0.00000000000000000000
PSD | CANDIDATO | LUIZ CARLOS MARTINS GONÇALVES | 20577313000114,40368,0.00000000000000000000
PSL | CANDIDATO | SUELI TEREZINHA TORTURA | 20572231000187,142,0.00000000000000000000
PV | CANDIDATO | LINDSLEY DA SILVA RASCA RODRIGUES | 20571473000156,23815,0.00000000000000000000
PPS | CANDIDATO | EMILIO DIERKA | 20568742000125,486,0.00000000000000000000
PSC | CANDIDATO | FLAVIO DUBEN FERRARI | 20569685000107,11211,0.00000000000000000000
PSB | CANDIDATO | ANDRESSA DE PAULA FERREIRA | 20569774000145,62,0.00000000000000000000
PSB | CANDIDATO | EUNICE DIAS DE OLIVEIRA | 20573394000184,375,0.00000000000000000000
PPL | CANDIDATO | CELSO WESLEY RIBAS | 20572136000183,32,0.00000000000000000000
PC do B | CANDIDATO | RAFAELA MASCARENHAS ROCHA | 20576204000182,211,0.00000000000000000000
PSL | CANDIDATO | EDNILSON CARLOS BERTOL | 20571227000102,516,0.00000000000000000000
PMDB | CANDIDATO | NOEMIA DE SOUZA E SILVA ALVES ROCHA | 20571812000102,15357,0.00000000000000000000
PMDB | CANDIDATO | MAURICIO FONSECA FADEL | 20614346000197,8151,0.00000000000000000000
PT do B | CANDIDATO | ELVIS GIMENES | 20571933000146,151,0.00000000000000000000
PTN | CANDIDATO | MARINHO CANDIDO | 20604123000149,156,0.00000000000000000000
PSD | CANDIDATO | LAERCIO SILVA DE SOUZA | 20579179000190,1533,0.00000000000000000000
PDT | CANDIDATO | ANDRE VINICIUS BUENO | 20576023000156,36506,0.00000000000000000000
PTN | CANDIDATO | PAULO CESAR CHAVES FERREIRA | 20604100000134,444,0.00000000000000000000
PV | CANDIDATO | FLÁVIA PRAZERES | 20569234000161,222,0.00000000000000000000
PTN | CANDIDATO | MARLENE ANTUNES CASAGRANDE MORAIS | 20576093000104,508,0.00000000000000000000
PSD | CANDIDATO | MARI LUCIA STOCO ULSON | 20574400000118,9524,0.00000000000000000000
PSDB | CANDIDATO | ROGERIO MASSING | 20573363000123,3128,0.00000000000000000000
PTN | CANDIDATO | LAURO DE OLIVEIRA JOANICO | 20614281000180,106,0.00000000000000000000
PTC | CANDIDATO | PAULO SILVA DE MACEDO | 20581991000150,0,0.00000000000000000000
PSDB | CANDIDATO | OMAR SABBAG FILHO | 20571096000155,7963,0.00000000000000000000
PSDC | CANDIDATO | JOSÉ ARNALDO PERON MARTINS | 20581083000167,1230,0.00000000000000000000
SD | CANDIDATO | JECE DE MORAIS | 20578723000180,542,0.00000000000000000000
PDT | CANDIDATO | EDSON WILLIANS | 20576712000160,377,0.00000000000000000000
PMN | CANDIDATO | ARI ANTONIO ALVES SOBRINHO | 20572629000113,4302,0.00000000000000000000
PSC | CANDIDATO | EDIANA MICHELE DOS SANTOS | 20569837000163,20,0.00000000000000000000
PPS | CANDIDATO | MARCIA REGINA SAAD DO NASCIMENTO | 20572487000194,172,0.00000000000000000000
PTB | CANDIDATO | JUCELINO DOS SANTOS | 20576923000101,233,0.00000000000000000000
PDT | CANDIDATO | DANIEL ALBERTO CORREA | 20576912000113,56,0.00000000000000000000
PV | CANDIDATO | MARCELO ROVEDA | 20573004000176,381,0.00000000000000000000
PT | CANDIDATO | JAQUELINE DE SOUZA SILVA | 20576223000109,529,0.00000000000000000000
SD | CANDIDATO | INACIO BUDZIAK | 20577700000150,3156,0.00000000000000000000
PSC | CANDIDATO | ALEXANDRE MARCEL KUSTER GUIMARÃES | 20568628000103,24357,0.00000000000000000000
PSOL | CANDIDATO | ALBERTO SEVERINO | 20797099000101,306,0.00000000000000000000
PT | CANDIDATO | HUMBERTO JOSÉ HENRIQUE | 20576677000180,17367,0.00000000000000000000
PSL | CANDIDATO | MARIA ANALIA WALTER | 20572662000143,621,0.00000000000000000000
PV | CANDIDATO | JULIANA BATISTA | 20569426000178,502,0.00000000000000000000
PV | CANDIDATO | MAICOL GEISON CALLEGARI RODRIGUES BARBOSA | 20569469000153,8473,0.00000000000000000000
PSD | CANDIDATO | JOSE CARLOS SAHAGOFF RAAD | 20574791000170,18230,0.00000000000000000000
PMDB | CANDIDATO | MARCIO ROBERTO ITIBERE DE BARROS COELHO | 20573666000146,716,0.00000000000000000000
PSDC | CANDIDATO | MARIA MAGALLI DE MACEDO | 20576607000121,46,0.00000000000000000000
PSL | CANDIDATO | ISRAEL DIAS BORBOREMA | 20660928000100,385,0.00000000000000000000
PPS | CANDIDATO | ANA CAROLINA MELO MATOS CARRARA | 20569589000150,0,0.00000000000000000000
PDT | CANDIDATO | JOSE CASTORINO MACHADO FILHO | 20576578000106,166,0.00000000000000000000
PV | CANDIDATO | MARIA HELENA SCHREDERHOF DE AGUIAR | 20572060000196,132,0.00000000000000000000
PV | CANDIDATO | FREDERICO OTTO LEODEGAR KILIAN | 20570873000147,276,0.00000000000000000000
PPS | CANDIDATO | MONICA CAETANO DA SILVA | 20579716000100,84,0.00000000000000000000
PSB | CANDIDATO | LUCIA DE OLIVEIRA FERREIRA | 20572358000104,102,0.00000000000000000000
PMDB | CANDIDATO | MARINALVA GONÇALVES DA SILVA | 20571491000138,393,0.00000000000000000000
PTB | CANDIDATO | FRANCISCO GOMES DOS SANTOS | 20576679000179,4102,0.00000000000000000000
PTN | CANDIDATO | PAULO CESAR BUENO | 20579164000122,1000,0.00000000000000000000
PSB | CANDIDATO | KENNY TSUSHIMA | 20569597000105,2514,0.00000000000000000000
PMDB | CANDIDATO | SABINE DENISE GIESEN | 20573633000104,7445,0.00000000000000000000
PMDB | CANDIDATO | MARIO ROGISKI | 20571734000138,2145,0.00000000000000000000
PSDC | CANDIDATO | MARILEIDE APARECIDA MARTINS NOVAK | 20580203000101,0,0.00000000000000000000
PPS | CANDIDATO | EDVIN PIO RIGOTTI | 20570490000179,1347,0.00000000000000000000
PSDC | CANDIDATO | ALEXANDRE DAVID ANDRADE | 20576254000160,2240,0.00000000000000000000
PSDB | CANDIDATO | MARIA MEIRE MAIA CLEVE | 20659745000174,443,0.00000000000000000000
PDT | CANDIDATO | CARLOS EDUARDO FELSKY | 20576527000176,2561,0.00000000000000000000
PSC | CANDIDATO | ARNOLDO BULLE | 20567994000130,686,0.00000000000000000000
PTN | CANDIDATO | JOCELIA CLAUDIA GUARNERI | 20604099000148,14,0.00000000000000000000
PPS | CANDIDATO | VOLMIR DE JESUS GONÇALVES | 20633810000192,331,0.00000000000000000000
PSC | CANDIDATO | EDERSON JUNIOR SANTOS ROSA | 20564427000120,8250,0.00000000000000000000
PHS | CANDIDATO | GUSTAVO CORULLI RICHA | 20569667000117,10185,0.00000000000000000000
PT | CANDIDATO | ANDRE LUIZ PIOLI BERNASCKI | 20576151000108,21003,0.00000000000000000000
PPS | CANDIDATO | TERCILIO LUIZ TURINI | 20570721000144,47023,0.00000000000000000000
PSL | CANDIDATO | ADALBERTO LOSSO | 20570738000100,621,0.00000000000000000000
PT | CANDIDATO | ALECSANDRO DE ANDRADE CAVALCANTE | 20576080000135,0,0.00000000000000000000
PSC | CANDIDATO | ARILDO OLIVEIRA MELO | 20572340000102,558,0.00000000000000000000
PSC | CANDIDATO | JOÃO IVO CALEFFI | 20571692000135,3441,0.00000000000000000000
PPS | CANDIDATO | JOAO DOUGLAS FABRICIO | 20572547000179,54518,0.00000000000000000000
PSDC | CANDIDATO | CARLOS ROBERTO PATENE MARINHO | 20579438000183,214,0.00000000000000000000
PTB | CANDIDATO | NILZA MACIEL DA SILVA GIROTO | 20576236000188,353,0.00000000000000000000
PTC | CANDIDATO | OELINTON CORNELIUS | 20679933000164,378,0.00000000000000000000
PSC | CANDIDATO | VANIA FATIMA DE LIMA | 20572256000180,323,0.00000000000000000000
DEM | CANDIDATO | PEDRO DEBONI LUPION MELLO | 20569470000188,63580,0.00000000000000000000
PSDB | CANDIDATO | MARIO SERGIO BRADOCK ZACHESKI | 20604789000105,10575,0.00000000000000000000
PMDB | CANDIDATO | WILLIAM CEZAR POLLONIO MACHADO | 20604602000165,7880,0.00000000000000000000
PSDC | CANDIDATO | ENEAS DOS SANTOS ARAÚJO | 20576028000189,173,0.00000000000000000000
PTN | CANDIDATO | THATIANA BANNACH | 20604087000113,3,0.00000000000000000000
PRB | CANDIDATO | EMANOEL EDSON DE OLIVEIRA GOMES | 20576243000180,6801,0.00000000000000000000
PPS | CANDIDATO | DIOGO NASCIMENTO BUSSE | 20569446000149,13810,0.00000000000000000000
PTN | CANDIDATO | SACHA BOUCHRA GEORGES ABOU SARHAL | 20576049000102,135,0.00000000000000000000
PPS | CANDIDATO | MOEMA IRANI TIBURTIUS LOGULLO | 20570437000178,56,0.00000000000000000000
PSB | CANDIDATO | NELSON DA ROCHA | 20570360000136,1289,0.00000000000000000000
PT | CANDIDATO | JOSÉ EGIDIO RODRIGUES | 20576541000170,304,0.00000000000000000000
SD | CANDIDATO | GILSSARA RIBEIRO DA FONSECA | 20577619000170,10,0.00000000000000000000
PTC | CANDIDATO | CECILIA DE OLIVEIRA SIMÃO | 20581877000120,75,0.00000000000000000000
PCB | CANDIDATO | WILSON PREVIDI | 20689026000104,105,0.00000000000000000000
SD | CANDIDATO | PAULO HENRIQUE AREIAS HORACIO | 20574591000118,3566,0.00000000000000000000
PSOL | CANDIDATO | FERNANDO OLIVEIRA RODRIGUES | 20559080000127,390,0.00000000000000000000
PT | CANDIDATO | LUCIANA GUZELLA RAFAGNIN | 20576746000155,27950,0.00000000000000000000
PT do B | CANDIDATO | DANIEL FERREIRA DE ALMEIDA | 20573691000120,0,0.00000000000000000000
PV | CANDIDATO | HUGO APARECIDO FURRIER | 20569409000130,7613,0.00000000000000000000
PSDC | CANDIDATO | FERNANDO SANT'ANA | 20614136000107,1590,0.00000000000000000000
PPS | CANDIDATO | CARLOS LOPATIUK | 20572899000124,382,0.00000000000000000000
PV | CANDIDATO | JESSICA RIBEIRO GIARETA | 20569847000107,114,0.00000000000000000000
PSOL | CANDIDATO | LUCIANO EGIDIO PALAGANO | 20559131000110,744,0.00000000000000000000
PSC | CANDIDATO | MARCOS CESAR ZAMPIERI | 20567916000135,8987,0.00000000000000000000
PTN | CANDIDATO | OSCAR MOREIRA | 20605161000116,0,0.00000000000000000000
PSDC | CANDIDATO | JOSIEL DE SOUZA LIMA | 20576085000168,180,0.00000000000000000000
PSC | CANDIDATO | ELTON SOMAVILA | 20564222000144,1614,0.00000000000000000000
PV | CANDIDATO | MARI VANESSA LASKOVSKI | 20569912000196,0,0.00000000000000000000
PTN | CANDIDATO | CÂNDIDO DE MATOS GOMES | 20604091000181,1041,0.00000000000000000000
SD | CANDIDATO | ROSICLEIA CAMPESTRINI COOPER | 20574542000185,162,0.00000000000000000000
PSD | CANDIDATO | ALEXANDRE ALBERTO ALVES DA LUZ | 20578149000160,294,0.00000000000000000000
PSB | CANDIDATO | JOSÉ TIAGO CAMARGO DO AMARAL | 20569621000106,86390,0.00000000000000000000
PTN | CANDIDATO | SANDRA BERTIPAGLIA | 20604139000151,656,0.00000000000000000000
PPS | CANDIDATO | ALCEU MALUF JUNIOR | 20578575000101,281,0.00000000000000000000
SD | CANDIDATO | OSCALINO DE MELO | 20574213000134,3371,0.00000000000000000000
SD | CANDIDATO | OSNI DA SILVA SILVEIRA | 20574681000109,1325,0.00000000000000000000
PTB | CANDIDATO | RONY DOS SANTOS ALVES | 20576788000196,10288,0.00000000000000000000
PHS | CANDIDATO | KELLY SUSEL MENEGARI OLIVEIRA SANTOS | 20569466000110,1006,0.00000000000000000000
PR | CANDIDATO | LUIZ ANTONIO PENTEADO SETTI | 20570922000141,1630,0.00000000000000000000
PSC | CANDIDATO | CARLA CRISTIANA DE CARVALHO | 20569401000174,16484,0.00000000000000000000
PPL | CANDIDATO | OTONIEL REZNISKI SANTOS | 20569051000146,219,0.00000000000000000000
SD | CANDIDATO | CLAUDIONOR RODRIGUES | 20574363000148,264,0.00000000000000000000
PV | CANDIDATO | ANA EULALIA E SILVA COSTA | 20618266000100,1838,0.00000000000000000000
PSL | CANDIDATO | ANTONIO CARLOS FERREIRA PADILHA | 20572615000108,1656,0.00000000000000000000
PPS | CANDIDATO | JOAO MARIA FOGACA | 20571230000118,71,0.00000000000000000000
PSC | CANDIDATO | CLAUDEMIR BARINI | 20573420000174,2798,0.00000000000000000000
PSC | CANDIDATO | CLOVIS JOSE GUGELMIN DISTEFANO | 20567557000116,11207,0.00000000000000000000
PMDB | CANDIDATO | LUIZ EDUARDO CHEIDA | 20573220000111,28225,0.00000000000000000000
PSDB | CANDIDATO | LUIZ ROBERTO ACCORSI MOTTA | 20571299000141,37224,0.00000000000000000000
PV | CANDIDATO | AMADO PIRES | 20572674000178,239,0.00000000000000000000
PPS | CANDIDATO | FELIPE DITTRICH FERREIRA | 20569543000131,668,0.00000000000000000000
PSDB | CANDIDATO | SANDRA MARQUES PRADO | 20659707000111,239,0.00000000000000000000
PV | CANDIDATO | CRISTIANO DE JESUS ROSA | 20569156000103,195,0.00000000000000000000
PT | CANDIDATO | PAULO CESAR TIRI GOMES | 20576317000188,2162,0.00000000000000000000
PSC | CANDIDATO | GILSON DE SOUZA | 20566614000142,34470,0.00000000000000000000
PPS | CANDIDATO | ELISSANDRO DA SILVA BUENO | 20573590000159,608,0.00000000000000000000
PPL | CANDIDATO | JOEL OLIVÉRIO | 20571465000100,552,0.00000000000000000000
PTC | CANDIDATO | WILMA JULIA WERMER | 20679993000187,81,0.00000000000000000000
PDT | CANDIDATO | CARLOS CESAR MARTINS | 20576855000172,1779,0.00000000000000000000
PSDB | CANDIDATO | HAMILTON LUIZ SERIGHELLI | 20572309000163,2908,0.00000000000000000000
PSOL | CANDIDATO | ADMISIO RAIMUNDO DE SOUZA | 20559293000159,271,0.00000000000000000000
PSDB | CANDIDATO | MIRIAM DE JESUS FERREIRA | 20571354000101,165,0.00000000000000000000
PP | CANDIDATO | MARCO ANTONIO ANDREOTTI | 20572363000109,2784,0.00000000000000000000
PMDB | CANDIDATO | MARCUS ANTONIO ELIAS ROQUE | 20572924000170,12643,0.00000000000000000000
DEM | CANDIDATO | NELSON ROBERTO PLACIDO SILVA JUSTUS | 20569922000121,43446,0.00000000000000000000
DEM | CANDIDATO | LUIZ AUGUSTO PINHO DE QUEIROGA | 20573258000194,10350,0.00000000000000000000
PV | CANDIDATO | RENALDO RODRIGUES | 20572439000104,7935,0.00000000000000000000
PSL | CANDIDATO | SEBASTIAO CANDIDO DA SILVA | 20571094000166,101,0.00000000000000000000
PPS | CANDIDATO | HARDY GUEDES ALCOFORADO FILHO | 20569511000136,386,0.00000000000000000000
PTN | CANDIDATO | MARI LILIAN DA CRUZ | 20604156000199,225,0.00000000000000000000
PSC | CANDIDATO | WILMAR REICHEMBACH | 20571222000171,25452,0.00000000000000000000
PP | CANDIDATO | VILSON LUCIANO SANTINI | 20569063000170,7158,0.00000000000000000000
PTN | CANDIDATO | MAURÍCIO ROBERTO RIVABEM | 20576925000192,12744,0.00000000000000000000
PT | CANDIDATO | LENIR CANDIDA DE ASSIS | 20576810000106,13425,0.00000000000000000000
PSDC | CANDIDATO | TARAS KAZYMYRKO | 20581656000152,213,0.00000000000000000000
PV | CANDIDATO | TALEL HADAYA | 20571993000169,98,0.00000000000000000000
SD | CANDIDATO | FERNANDA QUEIROZ | 20573946000154,7437,0.00000000000000000000
PSB | CANDIDATO | JANETE MICHAKI | 20573399000107,104,0.00000000000000000000
PSL | CANDIDATO | NOEL CARLOS DE LIMA | 20572606000109,176,0.00000000000000000000
PSDB | CANDIDATO | UDO SCHMIDT NETO | 20572619000188,4151,0.00000000000000000000
PSL | CANDIDATO | CARLOS AUGUSTO DA SILVA | 20578849000154,1147,0.00000000000000000000
PR | CANDIDATO | ANTONIO SERGIO CAMPANHA RIBEIRO | 20572966000100,2975,0.00000000000000000000
PTN | CANDIDATO | ADRIANA COCCI DE MORAES | 20604151000166,8081,0.00000000000000000000
PPS | CANDIDATO | GISELE REGINA ADAMOWICZ REBELLO | 20573166000104,77,0.00000000000000000000
SD | CANDIDATO | ROSELI LIMA DA COSTA | 20578151000139,48,0.00000000000000000000
PSTU | CANDIDATO | ALEXANDRE DOS SANTOS | 20576132000173,341,0.00000000000000000000
PSDB | CANDIDATO | BERNARDO GUIMARAES RIBAS CARLI | 20569670000130,55481,0.00000000000000000000
PSC | CANDIDATO | CLAUDIA VANESSA DE SOUZA FONTOURA PEREIRA | 20564036000105,29379,0.00000000000000000000
PSC | CANDIDATO | LUIS RAIMUNDO CORTI | 20572123000104,20495,0.00000000000000000000
PV | CANDIDATO | LUCIANA SOARES FERREIRA | 20755122000103,372,0.00000000000000000000
PSD | CANDIDATO | DA GONÇALVES CORTEZ | 20592441000137,8581,0.00000000000000000000
PSC | CANDIDATO | MARCIO LUIZ GONÇALVES KAMMERS | 20569151000172,0,0.00000000000000000000
PSC | CANDIDATO | LINDAMAR DA SILVA QUEIROZ | 20571996000100,1,0.00000000000000000000
PSC | CANDIDATO | RICARDO ARRUDA NUNES | 20564263000130,23592,0.00000000000000000000
PSL | CANDIDATO | ANTONIO MIGUEL PINTO NETO | 20572304000130,446,0.00000000000000000000
PP | CANDIDATO | DIVONSIR EMANOEL FERREIRA | 20609014000114,392,0.00000000000000000000
PSOL | CANDIDATO | JOSÉ ODENIR VIATROSKI SANT ANA | 20559137000198,554,0.00000000000000000000
PSL | CANDIDATO | PEDRO APARECIDO DOMINGOS | 20572399000192,447,0.00000000000000000000
PV | CANDIDATO | JOAO RICARDO WOLLMANN | 20572512000130,848,0.00000000000000000000
PMDB | CANDIDATO | ELOIR DE ALMEIDA GONÇALVES | 20572754000123,584,0.00000000000000000000
PSL | CANDIDATO | AGENOR DE SOUZA LEAL NETO | 20573546000149,1074,0.00000000000000000000
PP | CANDIDATO | NILSON DOS SANTOS BEZERRA | 20571951000128,3039,0.00000000000000000000
PSDC | CANDIDATO | ELTON ANDRE WINK TECCHIO | 20576188000128,385,0.00000000000000000000
PSC | CANDIDATO | ELICIANE APARECIDA DA SILVA | 20569049000177,16,0.00000000000000000000
PMN | CANDIDATO | MANOEL BATISTA DA SILVA JUNIOR | 20573211000120,62707,0.00000000000000000000
PTC | CANDIDATO | CLETO TAMANINI | 20581407000167,3004,0.00000000000000000000
PRTB | CANDIDATO | TEREZA APARECIDA ADAMO MONTREZOL | 20571361000103,316,0.00000000000000000000
PV | CANDIDATO | JANETE APARECIDA BARTOSKI LAROCA DOS SANTOS | 20572010000109,324,0.00000000000000000000
PSD | CANDIDATO | RUBENS RECALCATTI | 20578294000140,40358,0.00000000000000000000
PSC | CANDIDATO | OLIZETE MARIA JUNGLES | 20571330000144,323,0.00000000000000000000
PPS | CANDIDATO | SERGIO LUIZ CASTILHO DAITSCHMAN | 20571291000185,885,0.00000000000000000000
PSC | CANDIDATO | ANGELLO AUGUSTO ROMÃO MANFRINATO | 20573658000108,11278,0.00000000000000000000
PPS | CANDIDATO | MONICA MARIA COSER | 20569103000184,1362,0.00000000000000000000
PPL | CANDIDATO | JANAINA DO ROCIO MOTA LISBOA | 20572440000120,365,0.00000000000000000000
PPS | CANDIDATO | ALEXANDRO REGINALDO ALVES MILDEMBERGER | 20573395000129,1059,0.00000000000000000000
PSDB | CANDIDATO | JOSÉ DIRCEU DE MATOS | 20570939000107,4479,0.00000000000000000000
PV | CANDIDATO | HOMERO FIGUEIREDO LIMA E MARCHESE | 20569371000104,12658,0.00000000000000000000
PDT | CANDIDATO | ROSELI BANDEIRA DE ASSIS CAVALLI | 20577869000100,7358,0.00000000000000000000
PC do B | CANDIDATO | ELENITA LANZNASTER ANDRADE BATISTA | 20576685000126,135,0.00000000000000000000
PSB | CANDIDATO | CONCEIÇÃO APARECIDA MENDES | 20570160000183,185,0.00000000000000000000
PP | CANDIDATO | GESSANI DA SILVA | 20573323000181,16938,0.00000000000000000000
PV | CANDIDATO | RICARDO NUNES CIRQUEIRA | 20569564000157,479,0.00000000000000000000
PTN | CANDIDATO | LUIZ ANTONIO FERREIRA PEREIRA | 20576931000140,488,0.00000000000000000000
PV | CANDIDATO | MARCIO ROSA DA SILVA | 20568829000100,7433,0.00000000000000000000
PPS | CANDIDATO | EDILSON FERNANDES | 20633816000160,2409,0.00000000000000000000
PV | CANDIDATO | NILSON MISSIAS DA SILVA | 20569007000136,756,0.00000000000000000000
PT | CANDIDATO | MÁRIO SÉRGIO VERRI | 20579779000159,27505,0.00000000000000000000
PSDC | CANDIDATO | NERY BRAZ | 20622927000170,95,0.00000000000000000000
PSDB | CANDIDATO | JOÃO GALDINO DE SOUZA | 20569529000138,14574,0.00000000000000000000
PTB | CANDIDATO | JUVENAL PEREIRA DE OLIVEIRA | 20576803000104,215,0.00000000000000000000
PSOL | CANDIDATO | CHRISTIANE ELIZABETH RIGHETTO | 20559486000100,1377,0.00000000000000000000
PSL | CANDIDATO | NORBERTO MOIMAZ | 20571351000160,720,0.00000000000000000000
PCB | CANDIDATO | KARIN COMERLATTO DA ROSA | 20569484000100,1550,0.00000000000000000000
PR | CANDIDATO | MÁRIO CORREA FARIA JUNIOR | 20573037000116,4382,0.00000000000000000000
PSC | CANDIDATO | MARCIO FERNANDO NUNES | 20567306000131,45105,0.00000000000000000000
PSC | CANDIDATO | LUIZ EDUARDO CASAGRANDE | 20570700000129,3328,0.00000000000000000000
PV | CANDIDATO | GHIBSON YURI PEREIRA | 20569930000178,45,0.00000000000000000000
SD | CANDIDATO | REINALDO JOSE ROCHA | 20578840000143,4332,0.00000000000000000000
PPS | CANDIDATO | VERONI FRIEDRICH | 20579032000109,338,0.00000000000000000000
PSL | CANDIDATO | ULISSES FALCI JUNIOR | 20569178000165,8863,0.00000000000000000000
PT | CANDIDATO | NADIR MACIEL | 20576842000101,4347,0.00000000000000000000
PEN | CANDIDATO | ADAIR FERREIRA DE ALMEIDA | 20576271000105,389,0.00000000000000000000
PTB | CANDIDATO | MARIA DA CONCEICAO MARTINS MISUMI | 20577020000137,35,0.00000000000000000000
PSDB | CANDIDATO | RÔMULO JOSÉ CARVALHO COSTA PALES | 20569665000128,75,0.00000000000000000000
PDT | CANDIDATO | NELSON LAURO LUERSEN | 20576592000100,37316,0.00000000000000000000
PRB | CANDIDATO | DANIEL JOSE DIAS AUER | 20576089000146,508,0.00000000000000000000
PV | CANDIDATO | IVAN CARLOS DOS SANTOS | 20568824000170,200,0.00000000000000000000
PR | CANDIDATO | WILSON DA SILVA | 20569266000167,1439,0.00000000000000000000
PV | CANDIDATO | EVANDRO MARTINI | 20573396000173,229,0.00000000000000000000
PTB | CANDIDATO | ELISIANA PAES LEITE | 20579141000118,497,0.00000000000000000000
PTB | CANDIDATO | SEDENIR DE PAULO MESQUITA | 20576858000106,983,0.00000000000000000000
PMN | CANDIDATO | ODAIR MARCOS ROSSA PASA | 20605032000128,2459,0.00000000000000000000
PP | CANDIDATO | MARLOVA ELIZABETE SILVEIRA | 20573422000163,264,0.00000000000000000000
PDT | CANDIDATO | MAICON GUEDES HUGO | 20577012000190,993,0.00000000000000000000
PSL | CANDIDATO | ROSIDETE DA CONSEIÇAO SERPE | 20569293000130,156,0.00000000000000000000
PT | CANDIDATO | ELTON CARLOS WELTER | 20576813000131,31482,0.00000000000000000000
PMDB | CANDIDATO | NEIDE MARIA CARDOSO | 20571728000180,1054,0.00000000000000000000
PTN | CANDIDATO | ANDREIA CRISTINA DA SILVA ALVES | 20576166000168,148,0.00000000000000000000
PPS | CANDIDATO | RENE PAULO FONTANELLI MACHADO | 20571221000127,606,0.00000000000000000000
PSL | CANDIDATO | IVAN CARLOS DE MORAES | 20572056000128,1748,0.00000000000000000000
PSDC | CANDIDATO | ALINE SLEUTJES ROBERTO | 20576032000147,19059,0.00000000000000000000
SD | CANDIDATO | JOSE MARIA ALVES PEREIRA | 20578602000138,10672,0.00000000000000000000
PTB | CANDIDATO | FERNANDO MADUREIRA DA SILVA | 20576846000181,10067,0.00000000000000000000
SD | CANDIDATO | PATRICIA DE OLIVEIRA PASSOS | 20573858000152,236,0.00000000000000000000
PC do B | CANDIDATO | MARCELO ELISIO RIBEIRO SANTIN | 20576221000110,598,0.00000000000000000000
PSC | CANDIDATO | CLEONICE WAGNER NEGRÃO | 20573191000198,335,0.00000000000000000000
PMDB | CANDIDATO | LUIZ CARLOS CAITO QUINTANA | 20568814000134,18225,0.00000000000000000000
PSD | CANDIDATO | GIOCONDO CEZAR CABRAL | 20578632000144,1044,0.00000000000000000000
PSDC | CANDIDATO | SAIONARA APARECIDA DA SILVEIRA GALACHO | 20622898000147,70,0.00000000000000000000
PTB | CANDIDATO | SEBASTIÃO HENRIQUE DE MEDEIROS | 20576163000124,31875,0.00000000000000000000
PSC | CANDIDATO | HUSSEIN BAKRI | 20567237000166,26682,0.00000000000000000000
PP | CANDIDATO | CLAYTON COSTA ROSA | 20568744000114,5496,0.00000000000000000000
PMDB | CANDIDATO | ARTAGÃO DE MATTOS LEÃO JUNIOR | 20569039000131,78594,0.00000000000000000000
PTN | CANDIDATO | NERI TAVARES DA SILVA | 20576511000163,247,0.00000000000000000000
PSL | CANDIDATO | SIDNEI DEMICIO | 20569144000170,4872,0.00000000000000000000
PP | CANDIDATO | JONES DARC DE JESUS | 20570631000153,9712,0.00000000000000000000
PSOL | CANDIDATO | AUGUSTO LUIZ DE LIMA | 20559127000152,1521,0.00000000000000000000
PSD | CANDIDATO | LUCIANO TEIXEIRA ODEBRECHT | 20574797000148,3414,0.00000000000000000000
PSOL | CANDIDATO | JOÃO JOSÉ OLIVEIRA MIRANDA | 20559395000174,199,0.00000000000000000000
PSL | CANDIDATO | SOELI ALVES VAZ | 20568841000107,60,0.00000000000000000000
SD | CANDIDATO | LORI DE FÁTIMA DUQUES RIBEIRO | 20578525000116,6,0.00000000000000000000
PSOL | CANDIDATO | LEANDRO SANTOS DIAS | 20559416000151,1727,0.00000000000000000000
PSL | CANDIDATO | MARIO RENE DE VARGAS GARCIA | 20572305000185,204,0.00000000000000000000
PT do B | CANDIDATO | SIMONE GASPAR TEIXEIRA | 20572893000157,244,0.00000000000000000000
PV | CANDIDATO | NAIR TARTARI | 20569993000124,299,0.00000000000000000000
PSD | CANDIDATO | JURACI LUCIANO DA SILVA | 20577779000110,33892,0.00000000000000000000
PMDB | CANDIDATO | WALDYR ORTENCIO PUGLIESI | 20570103000102,13706,0.00000000000000000000
PV | CANDIDATO | GASPAR DOS SANTOS | 20569443000105,364,0.00000000000000000000
PSDB | CANDIDATO | ELIETE FERRAZ SABINO | 20571730000150,99,0.00000000000000000000
PSL | CANDIDATO | JOSE ALBERTINO DA SILVA | 20571011000139,1555,0.00000000000000000000
PT | CANDIDATO | DIEMERSON ROMERO CASTILHO | 20576942000120,3514,0.00000000000000000000
PDT | CANDIDATO | JOSE EDEGAR PEREIRA | 20576323000135,3598,0.00000000000000000000
PTN | CANDIDATO | ALICIO MAFFRA FILHO | 20604126000182,505,0.00000000000000000000
PSC | CANDIDATO | SIRLENE TAVARES | 20573348000185,6,0.00000000000000000000
PSD | CANDIDATO | ELISANGELA SANTOS CORREA LEITE | 20574447000181,434,0.00000000000000000000
PPS | CANDIDATO | RENATO BAGGIO BERBICZ | 20569029000104,3175,0.00000000000000000000
PMN | CANDIDATO | VALDETH SOUSA SANTOS | 20605076000158,686,0.00000000000000000000
PSDC | CANDIDATO | LEONICE MOTTA VIEIRA | 20576587000199,553,0.00000000000000000000
PPS | CANDIDATO | ARMANDO DIADOSK | 20571926000144,696,0.00000000000000000000
PMDB | CANDIDATO | LUIZ GONZAGA PEGO DE MACEDO | 20572008000130,622,0.00000000000000000000
PSDC | CANDIDATO | PEDRO CONCEIÇÃO DO NASCIMENTO | 20580702000107,161,0.00000000000000000000
PC do B | CANDIDATO | WAGNER SABINO | 20576363000187,566,0.00000000000000000000
PSC | CANDIDATO | EMERSON MIGUEL PETRIV | 20568318000180,12110,0.00000000000000000000
PP | CANDIDATO | CYLLENEO PESSOA PEREIRA JUNIOR | 20572438000151,10065,0.00000000000000000000
PTN | CANDIDATO | EDY PETERSON GENIUS NUNES | 20576031000100,903,0.00000000000000000000
PSD | CANDIDATO | DAIZINARA DA SILVA GONCALVES | 20578689000143,138,0.00000000000000000000
SD | CANDIDATO | WALDIRLEI BUENO DE OLIVEIRA | 20574699000100,10926,0.00000000000000000000
PSL | CANDIDATO | GENECI VARGAS SOUTO | 20571435000101,42,0.00000000000000000000
SD | CANDIDATO | PAULO CEZAR NEGRÃO | 20574506000111,5,0.00000000000000000000
PSDC | CANDIDATO | MIGUEL SANTOS DE PAULA | 20580463000187,135,0.00000000000000000000
PMDB | CANDIDATO | CLEITON KIELSE BORDINI CRISOSTOMO | 20572796000164,38318,0.00000000000000000000
PP | CANDIDATO | EFIGENIA DE SOUZA BENEDITO | 20572025000177,526,0.00000000000000000000
SD | CANDIDATO | CLEVERSON DE MORAIS FURTUOSO | 20578212000168,167,0.00000000000000000000
PSDB | CANDIDATO | PEDRO MARIA MARTENDAL DE ARAUJO | 20570725000122,6224,0.00000000000000000000
PSL | CANDIDATO | MARCIO DA SILVA | 20569142000181,488,0.00000000000000000000
PR | CANDIDATO | HEMERSON YUKIO YOKOTA | 20609029000182,18214,0.00000000000000000000
PSTU | CANDIDATO | IVAN RAMOS BERNARDO | 20576860000185,482,0.00000000000000000000
PSDC | CANDIDATO | EDEMILSON FERNANDO VIDAL | 20580010000150,1547,0.00000000000000000000
PSC | CANDIDATO | TANCLÉR ILDEFONSO PAVANI | 20564624000149,334,0.00000000000000000000
PV | CANDIDATO | CARLOS ALBERTO DE ASSIS | 20573380000160,555,0.00000000000000000000
PPS | CANDIDATO | ARISTIDES ALVES RODRIGUES FILHO | 20569327000196,361,0.00000000000000000000
PPS | CANDIDATO | CACILDA DE FATIMA DE MORAES NUNES | 20572456000133,290,0.00000000000000000000
PDT | CANDIDATO | MARIA NYSA MOREIRA NANNI | 20576312000155,1651,0.00000000000000000000
SD | CANDIDATO | AILTON ALVES DE OLIVEIRA | 20605021000148,8159,0.00000000000000000000
PPL | CANDIDATO | HUGO JOSE LANDGRAF JUNIOR | 20573252000117,368,0.00000000000000000000
PTN | CANDIDATO | DIRCEU RAMOS | 20604121000150,462,0.00000000000000000000
PPL | CANDIDATO | NILSON PROHNI | 20568917000102,64,0.00000000000000000000
PV | CANDIDATO | JOÃO BATISTA BELTRAME | 20570571000179,7973,0.00000000000000000000
PP | CANDIDATO | JOSE RONALDO FERREIRA | 20572972000168,16332,0.00000000000000000000
PSL | CANDIDATO | JAMAL ALI MOHAMAD ABOU FARES | 20572416000191,1942,0.00000000000000000000
PV | CANDIDATO | LUIZ CARLOS DOS SANTOS | 20572792000186,895,0.00000000000000000000
PSDC | CANDIDATO | JOÃO ROCHA DE SOUZA | 20580905000195,458,0.00000000000000000000
PV | CANDIDATO | JOSE ROBERTO ACIOLLI DOS SANTOS | 20571207000123,23173,0.00000000000000000000
PTN | CANDIDATO | ALCIONE MENINO DOS SANTOS | 20632459000115,51,0.00000000000000000000
PTC | CANDIDATO | EVERSON CAMARGO | 20581296000199,806,0.00000000000000000000
PSC | CANDIDATO | NORBERTO NICOLAU SENS | 20567436000174,834,0.00000000000000000000
PSDB | CANDIDATO | MARILEI DE SOUZA LIMA | 20572342000193,43549,0.00000000000000000000
PPS | CANDIDATO | CLARISDETE RODRIGUES | 20578752000141,17,0.00000000000000000000
PPS | CANDIDATO | NELSON FERREIRA | 20573035000127,418,0.00000000000000000000
PTN | CANDIDATO | ALGACIR COSTA PORTES | 20604125000138,0,0.00000000000000000000
PSD | CANDIDATO | TONIEL MOCELIN CECCON | 20578946000147,21,0.00000000000000000000
PPL | CANDIDATO | MARCIO JOSE PACHECO RAMOS | 20569035000153,24855,0.00000000000000000000
PTN | CANDIDATO | HAROLDO GUARNERI JUNIOR | 20604144000164,6,0.00000000000000000000
PEN | CANDIDATO | JAIR SOARES | 20579834000100,5325,0.00000000000000000000
PTB | CANDIDATO | SAMIR FOUANI | 20577007000188,1941,0.00000000000000000000
PRB | CANDIDATO | NIVON CARLOS DO NASCIMENTO | 20576479000116,557,0.00000000000000000000
PTB | CANDIDATO | AMAURI DOLENGA DOS SANTOS | 20576830000179,6772,0.00000000000000000000
PV | CANDIDATO | SILVANE ALVES DA VEIGA | 20605173000140,91,0.00000000000000000000
PTC | CANDIDATO | GILDA FERREIRA ZANETTI | 20581962000199,103,0.00000000000000000000
PV | CANDIDATO | VALTER MAINARDES | 20571153000104,331,0.00000000000000000000
PMDB | CANDIDATO | JAIRO JOSE MELO | 20572254000191,3960,0.00000000000000000000
PSL | CANDIDATO | ANDERSON RENAN PACHECO | 20569442000160,208,0.00000000000000000000
PP | CANDIDATO | RUBENS FRANZIN MANOEL | 20572596000101,6143,0.00000000000000000000
PTB | CANDIDATO | LUIS FELIPE DUARTE | 20576055000151,200,0.00000000000000000000
PTN | CANDIDATO | IVONE DE JESUS SOARES | 20632379000160,76,0.00000000000000000000
PDT | CANDIDATO | MARCIO ARTUR DE MATOS | 20576793000107,20508,0.00000000000000000000
PMDB | CANDIDATO | LIGIA FABRIS BERG | 20573295000100,172,0.00000000000000000000
PT | CANDIDATO | ANATERRA VIANA | 20576170000126,1913,0.00000000000000000000
PSDC | CANDIDATO | SONIA MARA LANDARIN PRINS DE CRISTO | 20622971000180,164,0.00000000000000000000
PRP | CANDIDATO | SHIRLEY PAGNOSI CORRÊA | 20632301000145,684,0.00000000000000000000
PTC | CANDIDATO | SERGIO BATISTA PALOMBO | 20679939000131,185,0.00000000000000000000
PSC | CANDIDATO | EDISON CARNEIRO RODRIGUES | 20573694000163,664,0.00000000000000000000
PV | CANDIDATO | FLAVIO CARLOS DA SILVA | 20572934000105,459,0.00000000000000000000
PV | CANDIDATO | JOSE VICENTE DE LIMA | 20570998000177,3255,0.00000000000000000000
PV | CANDIDATO | MARCIO ROGERIO KAVITSKI | 20569202000166,296,0.00000000000000000000
PSDB | CANDIDATO | ADEMAR LUIZ TRAIANO | 20570653000113,69740,0.00000000000000000000
PHS | CANDIDATO | WAGNER MILANEZI | 20570132000166,3221,0.00000000000000000000
PTB | CANDIDATO | MAURO BERTOLI | 20576671000102,6846,0.00000000000000000000
PRP | CANDIDATO | FABIANO DOS SANTOS | 20576129000150,1863,0.00000000000000000000
PT | CANDIDATO | RODOLFO BRANDÃO DE PROENÇA JARUGA | 20576169000100,1153,0.00000000000000000000
PMDB | CANDIDATO | JOSE APARECIDA MOREIRA DA ROSA | 20571565000136,411,0.00000000000000000000
SD | CANDIDATO | RITA APARECIDA DE OLIVEIRA | 20574399000121,5820,0.00000000000000000000
PPL | CANDIDATO | ANDERSON LUIZ BUENO | 20569150000128,4787,0.00000000000000000000
PTN | CANDIDATO | ALCENI VIEIRA DOS SANTOS | 20576891000136,622,0.00000000000000000000
PT | CANDIDATO | ROBERTO FERNANDES DA SILVA | 20576857000161,1359,0.00000000000000000000
PSC | CANDIDATO | PAULO CESAR FRISSO | 20567304000142,4168,0.00000000000000000000
PHS | CANDIDATO | IZAQUE DE ALMEIDA CORREIA | 20572513000184,2220,0.00000000000000000000
PR | CANDIDATO | JOSE ROQUE NETO | 20569390000122,6660,0.00000000000000000000
PV | CANDIDATO | AMANDA ESTEVÃO | 20569365000149,240,0.00000000000000000000
PSC | CANDIDATO | ADEMIR ZACARIAS DA SILVA | 20567474000127,2450,0.00000000000000000000
PTN | CANDIDATO | MARCOS MANOEL DA SILVA | 20579620000134,506,0.00000000000000000000
SD | CANDIDATO | PAULO RENATO ELACHE COUTINHO | 20574606000148,21373,0.00000000000000000000
PP | CANDIDATO | OILSON MULLER | 20571300000138,6,0.00000000000000000000
PEN | CANDIDATO | JOÃO DA SILVA CRUZ | 20614189000110,276,0.00000000000000000000
PMN | CANDIDATO | CINEIDE APARECIDA MIRANDA VASCONCELOS | 20654579000113,87,0.00000000000000000000
PMDB | CANDIDATO | ELISABETE MENDES DOS SANTOS DA COSTA | 20572664000132,196,0.00000000000000000000
PDT | CANDIDATO | ELOIZIO ZANARDI | 20660926000110,258,0.00000000000000000000
PSC | CANDIDATO | NEUZA APARECIDA DA SILVA | 20571829000151,10,0.00000000000000000000
PV | CANDIDATO | ROSEMARI KALLUF SCHNECK | 20571721000169,482,0.00000000000000000000
PSL | CANDIDATO | YEDA MARIA JOSE DE PAULA | 20569301000148,29,0.00000000000000000000
PPS | CANDIDATO | ROSILENE DO NASCIMENTO ANTUNES | 20569300000101,240,0.00000000000000000000
SD | CANDIDATO | ELIAS RODOVANSKI | 20574549000105,5270,0.00000000000000000000
PSC | CANDIDATO | MARISA MASSA LUCAS | 20571752000110,10736,0.00000000000000000000
PPS | CANDIDATO | NELSON LOPES DE FREITAS | 20571479000123,1335,0.00000000000000000000
PV | CANDIDATO | ADRIANO DA SILVA DE OLIVEIRA | 20569129000122,1670,0.00000000000000000000
PV | CANDIDATO | VALENTIN BONTORIN | 20570504000154,458,0.00000000000000000000
PV | CANDIDATO | MICHAEL PUQUEVIS ANDO | 20569512000180,897,0.00000000000000000000
PSDC | CANDIDATO | GERCEO DILBERTI | 20622962000190,96,0.00000000000000000000
PV | CANDIDATO | PEDRO LAZINA BACIL | 20569682000165,408,0.00000000000000000000
PSDC | CANDIDATO | PEDRO CARDOSO DOS SANTOS | 20581501000116,184,0.00000000000000000000
PSD | CANDIDATO | IVALINO GARCIA | 20577324000102,1277,0.00000000000000000000
PTN | CANDIDATO | ANA DELANE SZMIDT | 20576916000100,104,0.00000000000000000000
PMN | CANDIDATO | GEORGE LUIZ DE OLIVEIRA | 20572849000147,11694,0.00000000000000000000
PSL | CANDIDATO | CARLOS CEZAR ALVES | 20570091000108,661,0.00000000000000000000
PSC | CANDIDATO | WALDIR TURCHETTI DA COSTA LEITE | 20571912000120,10750,0.00000000000000000000
PSD | CANDIDATO | EMILIANO AUGUSTO ROCHA GOMES | 20578322000120,15013,0.00000000000000000000
PSB | CANDIDATO | MILTON ANTONIO OLIVEIRA DIGIACOMO | 20572481000117,655,0.00000000000000000000
PMN | CANDIDATO | JOSÉ APARECIDO DA ROCHA | 20605112000183,263,0.00000000000000000000
PSOL | CANDIDATO | LUCIMERI COSTA SCHULMAISTER | 20559487000154,328,0.00000000000000000000
PDT | CANDIDATO | BIANCA TIBAES DE OLIVEIRA PORTUGAL | 20576183000103,460,0.00000000000000000000
PP | CANDIDATO | EDSON FERREIRA DA SILVA | 20569211000157,1230,0.00000000000000000000
PV | CANDIDATO | MARLI TERESINHA MARCELINO DOS SANTOS | 20569276000100,0,0.00000000000000000000
PMDB | CANDIDATO | ANTONIO CARLOS DE MARIO | 20570608000169,594,0.00000000000000000000
PPS | CANDIDATO | GERSON DO AMARAL | 20573587000135,117,0.00000000000000000000
PSL | CANDIDATO | ROBERTO CAUNETO PICORELI | 20569107000162,35626,0.00000000000000000000
PSC | CANDIDATO | AGUINALDO ROBERTO DO CARMO | 20568088000150,2422,0.00000000000000000000
PT | CANDIDATO | MARIA MICHELI MOCELIN | 20576091000115,6871,0.00000000000000000000
PSC | CANDIDATO | BENTO ELISEO ALEIXO | 20564143000133,12286,0.00000000000000000000
PSC | CANDIDATO | EWERSON ALVES DA SILVA | 20564174000194,2214,0.00000000000000000000
PV | CANDIDATO | MARCOS VIEIRA | 20571940000148,4593,0.00000000000000000000
PSC | CANDIDATO | CLAUDIO APARECIDO ALVES PALOZI | 20571455000174,39364,0.00000000000000000000
PTB | CANDIDATO | PAULO GEOVANE CLARIMUNDO | 20576095000101,323,0.00000000000000000000
PPS | CANDIDATO | WALDIR FRARES | 20571140000127,787,0.00000000000000000000
PSDB | CANDIDATO | LIZMARI VIEIRA DO PRADO FONTANA | 20572511000195,3151,0.00000000000000000000
PDT | CANDIDATO | MARCELO EDUARDO HENRIQUE | 20577027000159,837,0.00000000000000000000
PRP | CANDIDATO | ELICEU PALMONARI | 20576659000106,5368,0.00000000000000000000
PSC | CANDIDATO | ALDIVINO MARQUES DA CRUZ NETO | 20571968000185,15576,0.00000000000000000000
PSC | CANDIDATO | JOÃO ALBERTO BOMBARDELLI | 20567297000189,6291,0.00000000000000000000
PMN | CANDIDATO | JANINE DE ALMEIDA VIEIRA | 20573676000181,425,0.00000000000000000000
PSL | CANDIDATO | JOSE ADAIR RODRIGUES BRIZOLA | 20573365000112,3454,0.00000000000000000000
PT | CANDIDATO | SALETE BAGOLIN BEZ | 20576969000112,5328,0.00000000000000000000
PSC | CANDIDATO | TÉTIS MARISA BELMONTE DA CRUZ | 20571213000180,1920,0.00000000000000000000
PV | CANDIDATO | JOSÉ RIBEIRO SOBRINHO | 20571515000159,485,0.00000000000000000000
PP | CANDIDATO | FRANCISCA PALACIO BEZERRA | 20570746000148,16,0.00000000000000000000
PDT | CANDIDATO | CRISTIAM GABRIEL | 20576974000125,406,0.00000000000000000000
PMN | CANDIDATO | CLAUDIO DO ESPÍRITO SANTO | 20605084000102,249,0.00000000000000000000
PV | CANDIDATO | DOURIVAL BRAZ SIMÕES | 20571308000102,878,0.00000000000000000000
PSDB | CANDIDATO | MIRIAN DE GODOY BUENO SENEGAGLIA | 20573203000184,549,0.00000000000000000000
PSL | CANDIDATO | ANTONIO APARECIDO DAMAZO | 20572906000198,1220,0.00000000000000000000
PSC | CANDIDATO | ALBINO SILVA TRAMUJAS | 20564813000111,838,0.00000000000000000000
PP | CANDIDATO | CARMO COSTA | 20570680000196,5472,0.00000000000000000000
PV | CANDIDATO | LUIZ FRANCISCO GUIL | 20573025000191,1343,0.00000000000000000000
PSC | CANDIDATO | FATIMA DOS SANTOS | 21031258000125,16,0.00000000000000000000
PSC | CANDIDATO | JONATAS FELISBERTO DA SILVA | 20567454000156,20544,0.00000000000000000000
PP | CANDIDATO | SERGIO JOSÉ VILLELA BARONCINI | 20572782000140,2337,0.00000000000000000000
PSD | CANDIDATO | MARLA APARECIDA TURECK DINIZ | 20578022000140,16395,0.00000000000000000000
PSL | CANDIDATO | ADEMAR PEREIRA TORRES | 20578462000106,1521,0.00000000000000000000
SD | CANDIDATO | SILVIO MARCOS MURBAK | 20574820000102,2437,0.00000000000000000000
PV | CANDIDATO | FRANCISCO MAIA DE SOUZA | 20570734000113,117,0.00000000000000000000
PSC | CANDIDATO | ADAUTO FORNAZIERI | 20609656000113,4177,0.00000000000000000000
PPL | CANDIDATO | MARIA FRAGA BATISTA | 20571830000186,6,0.00000000000000000000
PTN | CANDIDATO | ELISEU RIBEIRO DA SILVA | 20577039000183,1264,0.00000000000000000000
PSD | CANDIDATO | FRANCISCO LACERDA BRASILEIRO | 20577729000132,50930,0.00000000000000000000
PSDC | CANDIDATO | JURANDI PEREIRA | 20580849000199,386,0.00000000000000000000
PSD | CANDIDATO | MARCELINO COELHO | 20574449000170,1056,0.00000000000000000000
PC do B | CANDIDATO | COSME SENA RAMOS | 20642924000107,163,0.00000000000000000000
PSC | CANDIDATO | OSMAR LOPES FERREIRA | 20565223000103,7131,0.00000000000000000000
PV | CANDIDATO | ALCIMARY AMARAL | 20572967000155,136,0.00000000000000000000
PEN | CANDIDATO | LEVI PEREIRA DA SILVA | 20579622000123,1972,0.00000000000000000000
PSD | CANDIDATO | ANTONIO CARLOS SPERANDIO | 20574025000106,204,0.00000000000000000000
PC do B | CANDIDATO | ANTONIO LUIZ MARTINS DOS REIS | 20576631000160,3671,0.00000000000000000000
PSC | CANDIDATO | TANIA MARA ABRÃO GUERREIRO | 20566475000157,0,0.00000000000000000000
PSDC | CANDIDATO | SIDNEI ANTONIO TREVIZAN | 20576755000146,7804,0.00000000000000000000
PTN | CANDIDATO | SIMONE ANTUNES SIMÕES | 20637451000141,157,0.00000000000000000000
PV | CANDIDATO | RUBENS LOUREIRO | 20570656000157,612,0.00000000000000000000
PP | CANDIDATO | ANTONIO ANTONHOLI | 20572286000197,3399,0.00000000000000000000
PSDC | CANDIDATO | LOURIVAL BATISTA | 20577887000192,555,0.00000000000000000000
PEN | CANDIDATO | ALYSSON LUIS DONAISKI | 20579163000188,55,0.00000000000000000000
PT do B | CANDIDATO | FLAVIO DENI FONSECA NAKAD | 20573670000104,432,0.00000000000000000000
PSC | CANDIDATO | ANTONIO BORGES DOS REIS | 20566409000187,3260,0.00000000000000000000
PV | CANDIDATO | TANIA MARIA HUL | 20572451000100,269,0.00000000000000000000
PV | CANDIDATO | JOÃO BATISTA COELHO DE SOUZA FURLAN | 20569215000135,5375,0.00000000000000000000
PPS | CANDIDATO | JOSE ADAO MONTEIRO | 20571760000166,480,0.00000000000000000000
PPS | CANDIDATO | SILVANA BARBOSA LIMA RIBAS | 20572990000140,196,0.00000000000000000000
PTC | CANDIDATO | PAULO ROBERTO KEGLES | 20581455000155,679,0.00000000000000000000
PSL | CANDIDATO | ADELINO RIBEIRO SILVA | 20577733000109,42924,0.00000000000000000000
PTN | CANDIDATO | JOÃO SEABLA DOS ANJOS | 20576285000110,1787,0.00000000000000000000
PDT | CANDIDATO | JURANDIR JURA PINTO ROSA | 20576713000105,564,0.00000000000000000000
PSDC | CANDIDATO | RENALDO DA ROCHA CRUZ | 20577017000113,730,0.00000000000000000000
PSC | CANDIDATO | JAILTON DE JESUS ROCHA | 20566474000102,1250,0.00000000000000000000
PC do B | CANDIDATO | MARCO ANTONIO ABUJAMRA | 20576918000190,111,0.00000000000000000000
PTN | CANDIDATO | WANDERLEI JEOVAI DA SILVA | 20576809000173,2975,0.00000000000000000000
PV | CANDIDATO | ALEKSANDRA SANTOS | 20569397000144,1227,0.00000000000000000000
PHS | CANDIDATO | JOSE FERNANDO IBANEZ | 20570383000140,15679,0.00000000000000000000
PV | CANDIDATO | JOÃO AUGUSTO BARBOSA | 20569068000101,446,0.00000000000000000000
PEN | CANDIDATO | MARCUS VENICIUS MESQUITA PIRES | 20579914000166,341,0.00000000000000000000
PT | CANDIDATO | JOÃO NORBERTO DE SOUZA | 20576493000110,1967,0.00000000000000000000
PPS | CANDIDATO | ISABEL CRISTINA RAUEN SILVESTRI | 20572726000106,38926,0.00000000000000000000
PRB | CANDIDATO | EDSON DA SILVA PRACZYK | 20576247000168,47797,0.00000000000000000000
PV | CANDIDATO | PATRICIA DE BONA MATTOS | 20569233000117,157,0.00000000000000000000
DEM | CANDIDATO | MARIA IRACLÉZIA DE ARAUJO | 20571971000107,6138,0.00000000000000000000
PSD | CANDIDATO | RUBENS JORDANI BELEZE | 20574519000190,353,0.00000000000000000000
PV | CANDIDATO | VALDECIR HENRIQUE VAZ DE CAMARGO | 20572453000108,246,0.00000000000000000000
PSD | CANDIDATO | SONIA REGINA CUNHA BREIDE | 20577100000192,1023,0.00000000000000000000
PV | CANDIDATO | PEDRO PAULO BAZANA | 20572609000142,12226,0.00000000000000000000
PV | CANDIDATO | STOELSON DOS SANTOS | 20570713000106,411,0.00000000000000000000
PSC | CANDIDATO | ALTAMIR SANSON | 20566914000121,13576,0.00000000000000000000
PSD | CANDIDATO | MOACIR GUEDES DE MOURA | 20580034000100,0,0.00000000000000000000
PR | CANDIDATO | WALMOR FRANCISCO LODI | 20570476000175,2993,0.00000000000000000000
PRB | CANDIDATO | ALGACIR MIKALOVSKI | 20576968000178,4398,0.00000000000000000000
PSDC | CANDIDATO | GERSON BATISTA RIBEIRO | 20580722000170,195,0.00000000000000000000
PPS | CANDIDATO | EDGAR FERREIRA FERRAZ NETO | 20569111000120,94,0.00000000000000000000
