PC do B | CANDIDATO | RICARDO CRACHINESKI GOMYDE | 20573064000199,666438,0.74210334535665611888
PT | CANDIDATO | GLEISI HELENA HOFFMANN | 20559538000148,881857,0.36827473371656432866
PRB | CANDIDATO | BERNARDINO BARRETO DE OLIVEIRA | 20574479000187,59152,0.19415671078134402738
PT | CANDIDATO | MARLEI FERNANDES DE CARVALHO | 20573224000108,29855,0.17328821418128437237
PT | CANDIDATO | PÉRICLES DE HOLLEBEN MELLO | 20580490000150,40966,0.16545214350985307239
PC do B | CANDIDATO | ALIEL MACHADO BARK | 20574068000191,82886,0.15180894689406801423
PT | CANDIDATO | JOSÉ RODRIGUES LEMOS | 20576621000125,42374,0.14415202142191377299
PT | CANDIDATO | ANTENOR GOMES DE LIMA | 20572703000100,43608,0.11754827268387367523
PC do B | CANDIDATO | NILTON APARECIDO BOBATO | 20579854000181,20678,0.10489543059424046023
PT | CANDIDATO | ENIO JOSÉ VERRI | 20571690000146,107508,0.10127382815063627752
PT | CANDIDATO | ANGELO CARLOS VANHONI | 20571507000102,65705,0.09799424298996459171
PT | CANDIDATO | JOSETE DUBIASKI DA SILVA | 20576738000109,6908,0.07580514617054751048
PTN | CANDIDATO | CHRISTIANE DE SOUZA YARED | 20572117000157,200144,0.07576228031725384948
PT | CANDIDATO | MARIA MICHELI MOCELIN | 20576091000115,6871,0.06707273158747029118
PT | CANDIDATO | JOSÉ CARLOS BECKER DE OLIVEIRA E SILVA | 20569295000129,155583,0.06194237959899013407
PT | CANDIDATO | ANTONIO TADEU VENERI | 20609557000131,42206,0.05588122835649286801
PT | CANDIDATO | ANICE NAGIB GAZZAOUI | 20577015000124,13829,0.05571122444906902171
PT | CANDIDATO | ELTON CARLOS WELTER | 20576813000131,31482,0.05193011689564001887
PT | CANDIDATO | RODOLFO BRANDÃO DE PROENÇA JARUGA | 20576169000100,1153,0.04158752636437574451
PT | CANDIDATO | ARILSON MAROLDI CHIORATO | 20576090000170,27299,0.03780798565065660033
PT | CANDIDATO | SALETE BAGOLIN BEZ | 20576969000112,5328,0.03674376596874569245
PC do B | CANDIDATO | ANTONIO LUIZ MARTINS DOS REIS | 20576631000160,3671,0.03183756412739877778
PRB | CANDIDATO | EMANOEL EDSON DE OLIVEIRA GOMES | 20576243000180,6801,0.03045998113378366179
PT | CANDIDATO | ANTONIO WANDSCHEER | 20570574000102,71822,0.02719049832418433260
PT | CANDIDATO | LENIR CANDIDA DE ASSIS | 20576810000106,13425,0.02683433585854505532
PT | CANDIDATO | ALISSON ANTHONY WANDSCHEER | 20576027000134,34945,0.02599054182809719740
PT | CANDIDATO | MARCIA APARECIDA DE OLIVEIRA NEVES | 20576780000120,4838,0.02586907062418582898
PDT | CANDIDATO | MARCIO ARTUR DE MATOS | 20576793000107,20508,0.01829959401061725943
PT | CANDIDATO | LUCIANA GUZELLA RAFAGNIN | 20576746000155,27950,0.01605123449891153117
PT | CANDIDATO | DENILSON PESTANA DA COSTA | 20572981000159,23384,0.01542433339111365029
PT | CANDIDATO | ANTONIA PASSOS DE ARAUJO | 20637453000130,1485,0.01455787017438517524
PT | CANDIDATO | JOSÉ EGIDIO RODRIGUES | 20576541000170,304,0.01351913177170498484
PT | CANDIDATO | NADIR MACIEL | 20576842000101,4347,0.01272072988590880298
PT | CANDIDATO | ASSIS MIGUEL DO COUTO | 20571678000131,76116,0.01186402863382826113
PRB | CANDIDATO | EDSON DA SILVA PRACZYK | 20576247000168,47797,0.01178814428878564337
PTN | CANDIDATO | MAURÍCIO ROBERTO RIVABEM | 20576925000192,12744,0.01053533146505129629
PTN | CANDIDATO | LUIZ ANTONIO FERREIRA PEREIRA | 20576931000140,488,0.01032269149184764957
PT | CANDIDATO | MÁRIO SÉRGIO VERRI | 20579779000159,27505,0.01018294093945216160
PTN | CANDIDATO | EDY PETERSON GENIUS NUNES | 20576031000100,903,0.00953025306099276014
PT | CANDIDATO | HUMBERTO JOSÉ HENRIQUE | 20576677000180,17367,0.00846775732814234600
PT | CANDIDATO | PAULO CESAR TIRI GOMES | 20576317000188,2162,0.00742300696580159517
PDT | CANDIDATO | PAOLA VALERIA PALU FIORIN | 20573957000134,999,0.00651978234803753283
PT | CANDIDATO | ANATERRA VIANA | 20576170000126,1913,0.00623340119963504847
PDT | CANDIDATO | MARCIO ADRIANO PAULIKI | 20576946000108,62762,0.00595139706106743473
PTN | CANDIDATO | ADRIANA COCCI DE MORAES | 20604151000166,8081,0.00551019022746781790
PTN | CANDIDATO | FABIO ALEXANDRE SILVEIRA | 20604157000133,171,0.00518143152189777783
PTN | CANDIDATO | ALEXANDRE FERREIRA DA SILVA | 20604094000115,1986,0.00518143152189777696
PTN | CANDIDATO | ALICIO MAFFRA FILHO | 20604126000182,505,0.00518143152189777696
PTN | CANDIDATO | MARINHO CANDIDO | 20604123000149,156,0.00518143152189777436
PTN | CANDIDATO | GERALDINO BATISTA DO NASCIMENTO | 20604108000109,1541,0.00517557662324362715
PTN | CANDIDATO | ALGACIR COSTA PORTES | 20604125000138,0,0.00492610461115036875
PC do B | CANDIDATO | MARCO ANTONIO ABUJAMRA | 20576918000190,111,0.00482159012013755675
PTN | CANDIDATO | JEFFERSON ADRIANO VARELLA | 20576156000122,77,0.00471266876244017668
PT | CANDIDATO | JAQUELINE DE SOUZA SILVA | 20576223000109,529,0.00445757985149877918
PDT | CANDIDATO | GISELE DA SILVA COSTA | 20569855000145,826,0.00439402695805784192
PT | CANDIDATO | VANDERLEY ZIGER | 20576935000128,28064,0.00431098472482781877
PT | CANDIDATO | ANDRE LUIZ PIOLI BERNASCKI | 20576151000108,21003,0.00420279881759105453
PTN | CANDIDATO | JOÃO SEABLA DOS ANJOS | 20576285000110,1787,0.00419288039095816380
PDT | CANDIDATO | PAULO ROBERTO COSTA DOS SANTOS | 20574236000149,224,0.00410279820187069676
PDT | CANDIDATO | ELOIZIO ZANARDI | 20660926000110,258,0.00409185267971682275
PTN | CANDIDATO | WANDERLEI JEOVAI DA SILVA | 20576809000173,2975,0.00386564858021971229
PRB | CANDIDATO | MARLI VOGT VERNER | 20574618000172,0,0.00384587408774746077
PRB | CANDIDATO | ALGACIR MIKALOVSKI | 20576968000178,4398,0.00380158839709871573
PDT | CANDIDATO | ROSELI BANDEIRA DE ASSIS CAVALLI | 20577869000100,7358,0.00378391282080627056
PT | CANDIDATO | ROBERTO FERNANDES DA SILVA | 20576857000161,1359,0.00374237060031040909
PT | CANDIDATO | ANTONIO ROSNEY CARNEIRO | 20572987000126,1057,0.00357005651949196187
PC do B | CANDIDATO | RAFAELA MASCARENHAS ROCHA | 20576204000182,211,0.00349482079406419292
PTN | CANDIDATO | OSCAR MOREIRA | 20605161000116,0,0.00346791671707176279
PTN | CANDIDATO | ELISEU RIBEIRO DA SILVA | 20577039000183,1264,0.00341625354783278799
PTN | CANDIDATO | PAULO CESAR CHAVES FERREIRA | 20604100000134,444,0.00341625354783278712
PTN | CANDIDATO | ANA DELANE SZMIDT | 20576916000100,104,0.00341625354783278712
PTN | CANDIDATO | MARIA APARECIDA DE BONFIM | 20604082000190,210,0.00341625354783278625
PTN | CANDIDATO | MARLENE ANTUNES CASAGRANDE MORAIS | 20576093000104,508,0.00341625354783278538
PTN | CANDIDATO | THATIANA BANNACH | 20604087000113,3,0.00341625354783278452
PTN | CANDIDATO | IVONE DE JESUS SOARES | 20632379000160,76,0.00341625354783278365
PTN | CANDIDATO | MARI LILIAN DA CRUZ | 20604156000199,225,0.00341625354783278365
PTN | CANDIDATO | PAULO CESAR BUENO | 20579164000122,1000,0.00341625354783278365
PTN | CANDIDATO | ANDREIA CRISTINA DA SILVA ALVES | 20576166000168,148,0.00341625354783278278
PTN | CANDIDATO | SANDRA BERTIPAGLIA | 20604139000151,656,0.00341625354783278278
PTN | CANDIDATO | SÉRGIO COSTA XAVIER | 20614217000107,96,0.00341625354783278278
PTN | CANDIDATO | LUIZ CAMARA RAMOS | 20576692000128,94,0.00341625354783278235
PTN | CANDIDATO | ALCENI VIEIRA DOS SANTOS | 20576891000136,622,0.00341625354783278191
PTN | CANDIDATO | DIRCEU RAMOS | 20604121000150,462,0.00341625354783278191
PTN | CANDIDATO | APARECIDO NUNES FLORENCIO | 20604086000179,327,0.00341625354783278191
PTN | CANDIDATO | EZAIAS JONATAS LEMOS | 20604155000144,506,0.00341625354783278148
PTN | CANDIDATO | MARCOS MANOEL DA SILVA | 20579620000134,506,0.00341625354783278018
PTN | CANDIDATO | ILSON APARECIDO ESTEFANI | 20571365000183,664,0.00341625354783278018
PTN | CANDIDATO | SIMONE ANTUNES SIMÕES | 20637451000141,157,0.00341625354783278018
PTN | CANDIDATO | NERI TAVARES DA SILVA | 20576511000163,247,0.00341625354783278018
PTN | CANDIDATO | ANTONIO NEGRÃO | 20576614000123,790,0.00341625354783277844
PTN | CANDIDATO | LAURO DE OLIVEIRA JOANICO | 20614281000180,106,0.00341625354783277844
PTN | CANDIDATO | SACHA BOUCHRA GEORGES ABOU SARHAL | 20576049000102,135,0.00341625354783277498
PTN | CANDIDATO | ORELIO FONTANA NETO | 20572164000109,504,0.00340358642168982119
PT | CANDIDATO | ULISSES KANIAK | 20573082000170,3970,0.00337183230079654041
PC do B | CANDIDATO | MARIA DO SOCORRO DE LISBOA | 20577788000100,133,0.00329192703129768498
PDT | CANDIDATO | PRISCILA RITA ROCHA BANASZEWSKI | 20574054000178,313,0.00306670524679132986
PDT | CANDIDATO | NELSON LAURO LUERSEN | 20576592000100,37316,0.00293582216899836157
PRB | CANDIDATO | NIVON CARLOS DO NASCIMENTO | 20576479000116,557,0.00281491692065735308
PTN | CANDIDATO | CÂNDIDO DE MATOS GOMES | 20604091000181,1041,0.00281491692065734961
PDT | CANDIDATO | EDSON WILLIANS | 20576712000160,377,0.00278032409838884463
PDT | CANDIDATO | JOAQUIM DONIZETI DO CARMO | 20576421000172,2742,0.00276692485917575878
PC do B | CANDIDATO | COSME SENA RAMOS | 20642924000107,163,0.00263664813241065200
PDT | CANDIDATO | JOSE CASTORINO MACHADO FILHO | 20576578000106,166,0.00259927296558524427
PRB | CANDIDATO | ALEXANDRE PANZARINI FILHO | 20574626000119,549,0.00256279934397491208
PC do B | CANDIDATO | CELIO LEANDRO RODRIGUES | 20576961000156,0,0.00251152021039353392
PDT | CANDIDATO | MARLY PAULINO FAGUNDES | 20576749000199,34293,0.00234069817331364338
PT | CANDIDATO | TANIA FATIMA CALVI TAIT | 20576537000101,891,0.00233777331732066239
PT | CANDIDATO | ROSA MARIA DE JESUS COLOMBO | 20577703000194,29725,0.00231551761435473420
PC do B | CANDIDATO | CLAUDIO AUGUSTO PADILHA | 20574805000156,470,0.00222891903976982957
PC do B | CANDIDATO | CLAUDIO CESAR CASAGRANDE | 20576962000109,4840,0.00206388583560568545
PRB | CANDIDATO | VILMAR BORGES | 20574809000134,2047,0.00204721230593262263
PDT | CANDIDATO | GELCINES RODECZ | 20573350000154,437,0.00202851696451043610
PT | CANDIDATO | JOSÉ CARLOS OLIVEIRA | 20571947000160,719,0.00202408370989550987
PDT | CANDIDATO | DIOMAR FRANCISCO DA SILVA | 20571000000159,200,0.00186390442350090405
PT | CANDIDATO | ANDRÉ DE SOUZA VIEIRA | 20570988000131,1851,0.00185520652178684971
PDT | CANDIDATO | MARIA NYSA MOREIRA NANNI | 20576312000155,1651,0.00181971704340751217
PC do B | CANDIDATO | CELIA REGINA PIONTKIEVICZ RODRIGUES DA SILVA | 20577973000103,602,0.00173770256149302898
PDT | CANDIDATO | VALDEMIR JOSE DE OLIVEIRA | 20574538000117,634,0.00173770256149302811
PT | CANDIDATO | JOÃO NORBERTO DE SOUZA | 20576493000110,1967,0.00171828689041489922
PDT | CANDIDATO | DINARTE RODRIGUES DA SILVA | 20572401000123,609,0.00153238183984175276
PDT | CANDIDATO | FLAVIO VILMAR DA SILVA | 20571149000138,427,0.00144646749532101370
PT | CANDIDATO | DIEMERSON ROMERO CASTILHO | 20576942000120,3514,0.00119720244264686151
PDT | CANDIDATO | DANIEL ALBERTO CORREA | 20576912000113,56,0.00116494026468806633
PDT | CANDIDATO | SERGIO CARLOS EMPINOTTI | 20574200000165,2906,0.00116494026468806373
PDT | CANDIDATO | IZABELLA VANILDA DE FREITAS | 20574691000144,697,0.00116494026468806199
PDT | CANDIDATO | PAULO LEONAR FERREIRA AMADOR | 20573983000162,5146,0.00116123557066841708
PT | CANDIDATO | ALECSANDRO DE ANDRADE CAVALCANTE | 20576080000135,0,0.00089832354225429477
PDT | CANDIDATO | BIANCA TIBAES DE OLIVEIRA PORTUGAL | 20576183000103,460,0.00085914344520744527
PMDB | CANDIDATO | JONAS GUIMARÃES | 20570441000136,40139,0.00072257079399514618
PDT | CANDIDATO | JURANDIR JURA PINTO ROSA | 20576713000105,564,0.00057300609362209015
PPL | CANDIDATO | MARCIO JOSE PACHECO RAMOS | 20569035000153,24855,0.00034466671042192656
PSD | CANDIDATO | FRANCISCO LACERDA BRASILEIRO | 20577729000132,50930,0.00029229874354347448
PTN | CANDIDATO | ALCIONE MENINO DOS SANTOS | 20632459000115,51,0.00011259667682629766
PTN | CANDIDATO | HAROLDO GUARNERI JUNIOR | 20604144000164,6,0.00011259667682629593
PTN | CANDIDATO | SOLANGE DOS SANTOS VIEIRA | 20576792000154,0,0.00011259667682629593
PTN | CANDIDATO | MARGARETH APARECIDA DORANEM | 20604145000109,18,0.00011259667682629246
PTN | CANDIDATO | JOCELIA CLAUDIA GUARNERI | 20604099000148,14,0.00011259667682628899
PSD | CANDIDATO | MARLA APARECIDA TURECK DINIZ | 20578022000140,16395,0.00006368113545131802
PDT | CANDIDATO | JOSE BAKA FILHO | 20573943000110,0,0.00004448596910849260
PSDB | CANDIDATO | CARLOS ALBERTO RICHA | 20572328000190,3301322,0.00001784932215933080
PDT | CANDIDATO | DAVI SCHEIFER | 20572091000147,476,0.00001733986265214232
PDT | CANDIDATO | ANTONIO FERNANDO SCANAVACCA | 20576319000177,35905,0.00000783753708621156
PR | CANDIDATO | FRANCISCO OCTAVIO BECKERT | 20570872000100,18287,0.00000267970313369906
PSDB | CANDIDATO | MAURO RAFAEL MORAES E SILVA | 20570863000101,49925,0.00000117847122974805
PSDB | CANDIDATO | JOSÉ DIRCEU DE MATOS | 20570939000107,4479,0.00000106538499548706
PP | CANDIDATO | NELSON MEURER | 20568839000138,106478,0.00000087079866956802
PDT | CANDIDATO | JOSE EDEGAR PEREIRA | 20576323000135,3598,0.00000084959496877285
PSB | CANDIDATO | JOSÉ GILBERTO DO CARMO ALVES RIBEIRO | 20572131000150,76110,0.00000083470664827279
PROS | CANDIDATO | LEÔNIDAS EDSON KUZMA | 20573425000105,19154,0.00000080334631762146
PSC | CANDIDATO | JOSE ANTONIO CAMARGO | 20566605000151,12688,0.00000077756992988615
PRP | CANDIDATO | MARCIO AURELIO VIEIRA DA COSTA | 20576905000111,4597,0.00000072705159508829
PSDB | CANDIDATO | LUIZ FELIPE GUBERT BRAGA CORTES | 20572404000167,23119,0.00000070613699677813
PSC | CANDIDATO | ANTONIO BENEDITO FENELON | 20566874000118,22929,0.00000068250821354948
PSB | CANDIDATO | LUCIANO DUCCI | 20570697000143,156263,0.00000063559068924776
PSB | CANDIDATO | JOSÉ TIAGO CAMARGO DO AMARAL | 20569621000106,86390,0.00000056593076928554
PSB | CANDIDATO | RUI KIYOSHI HARA | 20571237000130,19039,0.00000052847978339494
PSB | CANDIDATO | ELIZABETH SILVEIRA SCHMIDT | 20574301000136,11488,0.00000051458382519659
PSD | CANDIDATO | EVANDRO ROGÉRIO ROMAN | 20568400000105,92042,0.00000041235128315359
PSB | CANDIDATO | AGNALDO JOSÉ BASTOS JULIO | 20573140000166,10891,0.00000040934686331654
PSC | CANDIDATO | ALEXANDRE MARCEL KUSTER GUIMARÃES | 20568628000103,24357,0.00000037641801598799
PSB | CANDIDATO | ANTONIO GONÇALVES FERREIRA | 20571002000148,4192,0.00000037345212526227
PSDC | CANDIDATO | GILSON CARDOSO FAHUR | 20576683000137,50608,0.00000037076967078498
PPS | CANDIDATO | SANDRO ALEX CRUZ DE OLIVEIRA | 20568081000138,116909,0.00000032168824560044
PSB | CANDIDATO | LEOPOLDO COSTA MEYER | 20574179000106,59974,0.00000031943459206409
PSC | CANDIDATO | LEONALDO PARANHOS DA SILVA | 20572143000185,69684,0.00000031770287508941
PSDB | CANDIDATO | LUIZ ROBERTO ACCORSI MOTTA | 20571299000141,37224,0.00000031362439115688
PSB | CANDIDATO | PAULO RICARDO DA ROCHA | 20574525000148,6246,0.00000031085142081222
PSB | CANDIDATO | RAFAEL FELIPE LUCAS | 20573913000104,11235,0.00000031085142081048
PSD | CANDIDATO | RUBENS RECALCATTI | 20578294000140,40358,0.00000030145793426719
PSC | CANDIDATO | WALDIR TURCHETTI DA COSTA LEITE | 20571912000120,10750,0.00000028938043409102
PSDB | CANDIDATO | ADEMAR LUIZ TRAIANO | 20570653000113,69740,0.00000027954038955141
DEM | CANDIDATO | PLAUTO MIRÓ GUIMARÃES FILHO | 20572133000140,63959,0.00000027034984842532
PSB | CANDIDATO | LUCIANO MARCELO SIMÕES DE BRITO | 20574801000178,7710,0.00000026003594812401
PP | CANDIDATO | CLAYTON COSTA ROSA | 20568744000114,5496,0.00000025627551468064
PSB | CANDIDATO | JOÃO BOSCO DOS SANTOS | 20574012000137,2744,0.00000025524230344576
PHS | CANDIDATO | JULIO CEZAR PACHECO AGNER | 20576581000111,5941,0.00000025391927085516
PSC | CANDIDATO | ANTONIO BORGES DOS REIS | 20566409000187,3260,0.00000024190315802645
PMN | CANDIDATO | MANOEL BATISTA DA SILVA JUNIOR | 20573211000120,62707,0.00000024057037582110
PSB | CANDIDATO | SANDRO ANTONIO OLTRAMARI | 20573099000128,569,0.00000023603975268793
PSB | CANDIDATO | WILSON LUIZ DARIENZO QUINTEIRO | 20573194000121,41195,0.00000023227204099148
PTB | CANDIDATO | CARLOS ROBERTO FRISOLI | 20576768000115,9756,0.00000023204038678167
PSDB | CANDIDATO | MARILEI DE SOUZA LIMA | 20572342000193,43549,0.00000022888954671896
PTB | CANDIDATO | SEBASTIÃO HENRIQUE DE MEDEIROS | 20576163000124,31875,0.00000021792497770581
PDT | CANDIDATO | MAICON GUEDES HUGO | 20577012000190,993,0.00000021565288441452
PSB | CANDIDATO | JOSÉ DOMINGOS SCARPELINI | 20570673000194,19222,0.00000021487906099599
PSB | CANDIDATO | JOSÉ CARLOS CAMARGO | 20574566000134,9546,0.00000021486663906792
PSC | CANDIDATO | GILSON DE SOUZA | 20566614000142,34470,0.00000021480665480470
PSDC | CANDIDATO | AGENOR DA SILVA PEREIRA | 20577025000160,7746,0.00000020893014771733
PPS | CANDIDATO | RUBENS BUENO | 20565467000196,95841,0.00000020661762127790
SD | CANDIDATO | LUIS FELIPE BONATTO FRANCISCHINI | 20574098000106,35842,0.00000020520942216242
PSB | CANDIDATO | MARIA CIRLEIDE DA SILVA | 20574245000130,578,0.00000020015557084321
PPS | CANDIDATO | SILVIO APARECIDO LINDES | 20572704000146,4892,0.00000019963050235626
PSDB | CANDIDATO | VALDIR LUIZ ROSSONI | 20570744000159,177324,0.00000019962711248628
PSB | CANDIDATO | BRUNO GARCIA DUTRA | 20568848000129,4025,0.00000019938712655758
PSB | CANDIDATO | FABIO HENRIQUE DA SILVA | 20632242000105,4901,0.00000019937982848441
PHS | CANDIDATO | KELLY SUSEL MENEGARI OLIVEIRA SANTOS | 20569466000110,1006,0.00000019886917544329
PSD | CANDIDATO | REINHOLD STEPHANES | 20563795000153,78064,0.00000019796284652859
PSDB | CANDIDATO | EDUARDO FRANCISCO COSTA DE OLIVEIRA | 20572086000134,12511,0.00000019559012794622
DEM | CANDIDATO | OSMAR STUART BERTOLDI | 20572846000103,81789,0.00000019322975209832
PSDB | CANDIDATO | PAULO HENRIQUE COLETTI FERNANDES | 20569792000127,60918,0.00000019230972654290
PSC | CANDIDATO | RICARDO ARRUDA NUNES | 20564263000130,23592,0.00000019087523968255
PSB | CANDIDATO | ADALBERTO MARCOS DE ARAUJO | 20797286000195,5508,0.00000019087044363271
PSB | CANDIDATO | PAULO ENÉAS BORGES BUENO NETTO | 20570861000112,529,0.00000018522428000059
PTB | CANDIDATO | MAURO BERTOLI | 20576671000102,6846,0.00000018379828591367
PSD | CANDIDATO | EMILIANO AUGUSTO ROCHA GOMES | 20578322000120,15013,0.00000018203732194636
PMN | CANDIDATO | GEORGE LUIZ DE OLIVEIRA | 20572849000147,11694,0.00000018050835114917
PSB | CANDIDATO | THIAGO DA SILVA DE JESUS | 20569613000151,3179,0.00000017775240163716
PSD | CANDIDATO | JOEL MELO CORDEIRO | 20577872000124,6088,0.00000017346564902022
DEM | CANDIDATO | ELIO LINO RUSCH | 20570726000177,54993,0.00000016664948304808
PSB | CANDIDATO | ALFREDO RICARDO PARODI NETO | 20574593000107,426,0.00000016546270729251
PSB | CANDIDATO | ARLETE MARLI LAGNER | 20574529000126,510,0.00000016546270728882
PSDB | CANDIDATO | BERNARDO GUIMARAES RIBAS CARLI | 20569670000130,55481,0.00000016279738989343
PSC | CANDIDATO | HUSSEIN BAKRI | 20567237000166,26682,0.00000016027257638239
PSC | CANDIDATO | CLAUDIA VANESSA DE SOUZA FONTOURA PEREIRA | 20564036000105,29379,0.00000015781712774674
PSDC | CANDIDATO | LUIZ ADÃO MARQUES | 20580679000142,14870,0.00000015769923229422
PSB | CANDIDATO | RUTH DE SOUZA | 20574424000177,221,0.00000015746397547759
PSB | CANDIDATO | CARMEN CHAVES SOARES | 20572560000128,155,0.00000015746397547325
PSL | CANDIDATO | ADELINO RIBEIRO SILVA | 20577733000109,42924,0.00000015609716366255
PTB | CANDIDATO | ALEX CANZIANI SILVEIRA | 20576507000103,187475,0.00000015561732094604
SD | CANDIDATO | FERNANDO DESTITO FRANCISCHINI | 20614399000108,159569,0.00000015558607461543
PSC | CANDIDATO | JONATAS FELISBERTO DA SILVA | 20567454000156,20544,0.00000015558192093305
PSD | CANDIDATO | EDONY ANTONIO KLUBER | 20571399000178,10215,0.00000015558192092806
PSB | CANDIDATO | NILTON CAMARGO COSTA | 20569754000174,1819,0.00000015134729820961
PSB | CANDIDATO | GUILHERME DE MAGALHÃES SPANGUEMBERG | 20569140000192,4617,0.00000014828966973107
PSDC | CANDIDATO | FERNANDO JOSÉ RODRIGUES DE OLIVEIRA | 20577775000131,5917,0.00000014802540206083
PR | CANDIDATO | HEMERSON YUKIO YOKOTA | 20609029000182,18214,0.00000014757846383655
PSB | CANDIDATO | EUNICE DIAS DE OLIVEIRA | 20573394000184,375,0.00000014711267548508
PSD | CANDIDATO | JOAO EDUARDO PASQUINI | 20574583000171,24908,0.00000014517622155341
PSC | CANDIDATO | ELCIO JAIME DA LUZ | 20568381000117,17968,0.00000014364129900107
PSB | CANDIDATO | MARINETE LINO SANTANA | 20574715000165,3723,0.00000014287805276013
PPS | CANDIDATO | ARMANDO DIADOSK | 20571926000144,696,0.00000014115409079692
SD | CANDIDATO | JOSÉ APARECIDO GOTARDO | 20572678000156,5806,0.00000013914780459118
PR | CANDIDATO | HILTON SANTIN ROVEDA | 20569286000138,19725,0.00000013911394366843
PSD | CANDIDATO | MARI LUCIA STOCO ULSON | 20574400000118,9524,0.00000013911394366670
PSDB | CANDIDATO | JOSÉ FRANCISCO BUHRER | 20571486000125,50757,0.00000013898761759383
PSC | CANDIDATO | OSMAR LOPES FERREIRA | 20565223000103,7131,0.00000013799151213486
PP | CANDIDATO | GESSANI DA SILVA | 20573323000181,16938,0.00000013731877640706
PSC | CANDIDATO | EVANDRO JOSE DA CRUZ ARAUJO | 20570327000106,23233,0.00000013713514825618
PSB | CANDIDATO | SÉRGIO FANUCCHI | 20574361000159,2170,0.00000013550792716741
PPS | CANDIDATO | ALDAIR TARCISIO RIZZI | 20570515000134,5010,0.00000013077622838462
PSB | CANDIDATO | NELSON DA ROCHA | 20570360000136,1289,0.00000013017418458894
PSB | CANDIDATO | MILTON ANTONIO OLIVEIRA DIGIACOMO | 20572481000117,655,0.00000013017418458612
PPS | CANDIDATO | TERCILIO LUIZ TURINI | 20570721000144,47023,0.00000012993935222770
PSB | CANDIDATO | JOÃO CARLOS DA COSTA | 20574270000113,1882,0.00000012894531016897
DEM | CANDIDATO | PEDRO PIZZATTO | 20569549000109,9076,0.00000012881398149533
DEM | CANDIDATO | SERGIO LUIS BELICH | 20573042000129,6510,0.00000012832708522377
PPS | CANDIDATO | DIOGO NASCIMENTO BUSSE | 20569446000149,13810,0.00000012818201628600
PPS | CANDIDATO | NELSON LOPES DE FREITAS | 20571479000123,1335,0.00000012789564813502
PSDC | CANDIDATO | ADÃO MATOZO | 20580941000159,543,0.00000012711584595169
PSD | CANDIDATO | LUIZ CARLOS MARTINS GONÇALVES | 20577313000114,40368,0.00000012503257054643
DEM | CANDIDATO | PAULO CEZAR DE CRISTO | 20605137000187,1291,0.00000012501025614068
PSD | CANDIDATO | RICARDO APARECIDO MAIA KOTSIFAS | 20566585000119,6922,0.00000012500692768251
PSB | CANDIDATO | DIVAL CERANTO | 20574283000192,1841,0.00000012170493914054
PSB | CANDIDATO | EDSON STIPP | 20574736000180,3454,0.00000012170493913881
PTB | CANDIDATO | VANDER PIAIA | 20576510000119,4574,0.00000011965516463677
PSB | CANDIDATO | VALDIR CARLOS FERNANDES | 20797300000150,1589,0.00000011953087016188
PSDB | CANDIDATO | JOÃO GALDINO DE SOUZA | 20569529000138,14574,0.00000011919566034885
PSDB | CANDIDATO | OMAR SABBAG FILHO | 20571096000155,7963,0.00000011914397202530
PSB | CANDIDATO | ODAIR DO PRADO | 20797233000174,2072,0.00000011888185732622
PSL | CANDIDATO | ISRAEL DIAS BORBOREMA | 20660928000100,385,0.00000011720112564869
PSB | CANDIDATO | CONCEIÇÃO APARECIDA MENDES | 20570160000183,185,0.00000011652928914516
PSDC | CANDIDATO | NELSON SILVA DE LIZ | 20622904000166,531,0.00000011596285528180
PSC | CANDIDATO | LUIZ AUGUSTO SILVA | 20614126000163,45313,0.00000011474334553167
PSDC | CANDIDATO | PAULO DA ROSA | 20576921000104,233,0.00000011466135001106
PSDC | CANDIDATO | EDELVIRA GOIS RAMOS | 20622992000104,63,0.00000011466135001019
PSDC | CANDIDATO | JURANDI PEREIRA | 20580849000199,386,0.00000011466135001019
PSDC | CANDIDATO | AMADEU ALVES DE OLIVEIRA FILHO | 20576524000132,674,0.00000011466135000672
PPS | CANDIDATO | MARCOS SOLANO VALE | 20566445000140,2272,0.00000011229466642323
PEN | CANDIDATO | JOÃO JOSE DOS SANTOS | 20581768000103,1344,0.00000010523696188439
PEN | CANDIDATO | LEVI PEREIRA DA SILVA | 20579622000123,1972,0.00000010523696188113
PSB | CANDIDATO | MOACY DE OLIVEIRA MONTEIRO | 20574665000116,116,0.00000010335490733746
PSD | CANDIDATO | NEY LEPREVOST NETO | 20578031000131,71470,0.00000010213465029274
PTB | CANDIDATO | LUIZ PAIOLA | 20576304000109,15824,0.00000010147285279313
PSDC | CANDIDATO | APARECIDO HERNANDEZ DEL MAZO | 20622972000125,276,0.00000010053182552053
PSDC | CANDIDATO | MIGUEL SANTOS DE PAULA | 20580463000187,135,0.00000009868403125918
PSDC | CANDIDATO | LOURIVAL BATISTA | 20577887000192,555,0.00000009865682868565
PSDC | CANDIDATO | JOSIEL DE SOUZA LIMA | 20576085000168,180,0.00000009865682868196
PSDC | CANDIDATO | MARILEIDE APARECIDA MARTINS NOVAK | 20580203000101,0,0.00000009865682868131
PSDC | CANDIDATO | ENEAS DOS SANTOS ARAÚJO | 20576028000189,173,0.00000009865682868131
PSDC | CANDIDATO | JOÃO ROCHA DE SOUZA | 20580905000195,458,0.00000009865682868131
PSDC | CANDIDATO | LEONICE MOTTA VIEIRA | 20576587000199,553,0.00000009865682868045
PSDC | CANDIDATO | CENIRA TRINDADE DOS SANTOS | 20622966000178,248,0.00000009865682868045
PC do B | CANDIDATO | MARCELO ELISIO RIBEIRO SANTIN | 20576221000110,598,0.00000009838649811349
PSC | CANDIDATO | MARCIO FERNANDO NUNES | 20567306000131,45105,0.00000009803802624938
PSDC | CANDIDATO | VANDERLEI DONIZETE RODRIGUES | 20576700000136,1474,0.00000009781831189601
PSB | CANDIDATO | TELMA APARECIDA DOS SANTOS TONI | 20570098000120,595,0.00000009504375447127
PP | CANDIDATO | DENISE MARIA SCHEFER | 20573335000106,494,0.00000009458865850298
PEN | CANDIDATO | WILSON MARCELINO FILHO | 20581759000112,86,0.00000009394463461841
PEN | CANDIDATO | ADAIR FERREIRA DE ALMEIDA | 20576271000105,389,0.00000009394463461581
DEM | CANDIDATO | SABINO PICOLO | 20570862000167,23296,0.00000009243548262580
DEM | CANDIDATO | MARIA IRACLÉZIA DE ARAUJO | 20571971000107,6138,0.00000009069784536950
PR | CANDIDATO | JOSE ROQUE NETO | 20569390000122,6660,0.00000008742920511173
PPS | CANDIDATO | RUI CAPELÃO CARDOSO | 20742970000170,0,0.00000008712933378778
PPS | CANDIDATO | EDILSON FERNANDES | 20633816000160,2409,0.00000008583862608560
PPS | CANDIDATO | ALEXANDRO REGINALDO ALVES MILDEMBERGER | 20573395000129,1059,0.00000008543819424254
PSC | CANDIDATO | JOÃO IVO CALEFFI | 20571692000135,3441,0.00000008496136654369
PPS | CANDIDATO | MONICA MARIA COSER | 20569103000184,1362,0.00000008488537407009
PPS | CANDIDATO | SONIA BRUSCH | 20572118000100,1933,0.00000008484421281643
PTB | CANDIDATO | FERNANDO MADUREIRA DA SILVA | 20576846000181,10067,0.00000008426645883939
PPS | CANDIDATO | ELISSANDRO DA SILVA BUENO | 20573590000159,608,0.00000008411414907650
PR | CANDIDATO | FERNANDO LUCIO GIACOBO | 20572951000142,144305,0.00000008411295102703
PPS | CANDIDATO | EDVIN PIO RIGOTTI | 20570490000179,1347,0.00000008408473795539
PSC | CANDIDATO | LUIZ EDUARDO CASAGRANDE | 20570700000129,3328,0.00000008401340974469
PTB | CANDIDATO | FRANCISCO GOMES DOS SANTOS | 20576679000179,4102,0.00000008394356754669
PSDC | CANDIDATO | ELTON ANDRE WINK TECCHIO | 20576188000128,385,0.00000008389940747092
PPS | CANDIDATO | SERGIO LUIZ CASTILHO DAITSCHMAN | 20571291000185,885,0.00000008389138705413
PTB | CANDIDATO | SAMIR FOUANI | 20577007000188,1941,0.00000008382358946215
PSC | CANDIDATO | TÉTIS MARISA BELMONTE DA CRUZ | 20571213000180,1920,0.00000008368536430405
PPS | CANDIDATO | DIRCEU CHELIGA | 20572113000179,457,0.00000008352919452642
PPS | CANDIDATO | RENATO BAGGIO BERBICZ | 20569029000104,3175,0.00000008335400294816
PPS | CANDIDATO | VOLMIR DE JESUS GONÇALVES | 20633810000192,331,0.00000008333489965803
PSL | CANDIDATO | ANTONIO APARECIDO DAMAZO | 20572906000198,1220,0.00000008329447744645
PSC | CANDIDATO | CLOVIS JOSE GUGELMIN DISTEFANO | 20567557000116,11207,0.00000008324165354234
PPS | CANDIDATO | NELSON FERREIRA | 20573035000127,418,0.00000008321002938159
PSC | CANDIDATO | ARNOLDO BULLE | 20567994000130,686,0.00000008320555338996
PTB | CANDIDATO | JANDERSON FLAVIO MANTOVANI | 20576035000180,12262,0.00000008314498485713
PPS | CANDIDATO | MARIA ALICE MACIEL FIGUEIREDO | 20570372000160,61,0.00000008309138424881
PSL | CANDIDATO | LEVI SERGIO | 20572617000199,808,0.00000008308354773265
DEM | CANDIDATO | LUIZ AUGUSTO PINHO DE QUEIROGA | 20573258000194,10350,0.00000008299471846059
PPS | CANDIDATO | GERSON DO AMARAL | 20573587000135,117,0.00000008297038319805
PPS | CANDIDATO | HARDY GUEDES ALCOFORADO FILHO | 20569511000136,386,0.00000008297038319761
PPS | CANDIDATO | GISELE REGINA ADAMOWICZ REBELLO | 20573166000104,77,0.00000008290244501736
PTB | CANDIDATO | EFRAIM BUENO DE MORAES | 20576678000124,24910,0.00000008290095622303
PPS | CANDIDATO | MARCIA REGINA SAAD DO NASCIMENTO | 20572487000194,172,0.00000008286756416395
PPS | CANDIDATO | EDGAR FERREIRA FERRAZ NETO | 20569111000120,94,0.00000008285056010519
PPS | CANDIDATO | LUIZ HENRIQUE BERLITZ | 20572223000130,144,0.00000008285056010346
PSC | CANDIDATO | EDERSON JUNIOR SANTOS ROSA | 20564427000120,8250,0.00000008284191431885
PHS | CANDIDATO | DIEGO ALEXSANDER GONÇALO PAULA GARCIA | 20576181000106,61063,0.00000008282943866900
PPS | CANDIDATO | ROSELIA APARECIDA ELBL VANAT | 20577853000106,599,0.00000008282419902521
PPS | CANDIDATO | ROSILENE DO NASCIMENTO ANTUNES | 20569300000101,240,0.00000008277364194759
PPS | CANDIDATO | VALDIR PIETROBON | 20565267000133,17498,0.00000008276146440476
PPS | CANDIDATO | CACILDA DE FATIMA DE MORAES NUNES | 20572456000133,290,0.00000008275143373142
PPS | CANDIDATO | VERONI FRIEDRICH | 20579032000109,338,0.00000008275143372947
PMN | CANDIDATO | JOSÉ APARECIDO DA ROCHA | 20605112000183,263,0.00000008273716481724
PR | CANDIDATO | LUIZ HILOSHI NISHIMORI | 20564769000140,106852,0.00000008270950780861
SD | CANDIDATO | ELIANE DE FÁTIMA SCHIEBEL | 20572895000146,531,0.00000008270357356420
PSL | CANDIDATO | ALCEU FERREIRA FILHO | 20571720000114,521,0.00000008270083063332
PPS | CANDIDATO | JOAO MARIA FOGACA | 20571230000118,71,0.00000008267175766836
PTB | CANDIDATO | MARCO ANTONIO BOGAS DE OLIVEIRA | 20698384000175,722,0.00000008266070044161
PTB | CANDIDATO | FABIO ROBERTO DE LIMA SOUZA | 20576558000127,18742,0.00000008265710330687
PSDB | CANDIDATO | ELIETE FERRAZ SABINO | 20571730000150,99,0.00000008265348718211
PSC | CANDIDATO | CLEONICE WAGNER NEGRÃO | 20573191000198,335,0.00000008265314666196
PSL | CANDIDATO | SEBASTIAO CANDIDO DA SILVA | 20571094000166,101,0.00000008265314666023
PSC | CANDIDATO | ALBINO SILVA TRAMUJAS | 20564813000111,838,0.00000008265230735764
PSC | CANDIDATO | VIVIAN TEREZINHA MILANI NEIVA DE LIMA RODRIGUES | 20564240000126,271,0.00000008265230735764
PSD | CANDIDATO | SONIA REGINA CUNHA BREIDE | 20577100000192,1023,0.00000008265230735764
PSL | CANDIDATO | SUELI TEREZINHA TORTURA | 20572231000187,142,0.00000008265230735591
PSDC | CANDIDATO | MARCIA CLAUDINO DOS SANTOS | 20580293000130,84,0.00000008265230735591
PSC | CANDIDATO | TIAGO BACCIN | 20564380000102,5902,0.00000008265230735591
PPS | CANDIDATO | ALCEU MALUF JUNIOR | 20578575000101,281,0.00000008265230735591
PSDC | CANDIDATO | CARLOS ROBERTO PATENE MARINHO | 20579438000183,214,0.00000008265230735591
PSC | CANDIDATO | PAULO SERGIO VIEIRA | 20786476000107,0,0.00000008265230735591
PSDB | CANDIDATO | MIRIAM DE JESUS FERREIRA | 20571354000101,165,0.00000008265230735591
PSC | CANDIDATO | ARAIDE LOURENÇO DOS SANTOS LIMA | 20569159000139,311,0.00000008265230735591
PTB | CANDIDATO | ELISIANA PAES LEITE | 20579141000118,497,0.00000008265230735591
PSC | CANDIDATO | NORBERTO NICOLAU SENS | 20567436000174,834,0.00000008265230735591
PSD | CANDIDATO | DAIZINARA DA SILVA GONCALVES | 20578689000143,138,0.00000008265230735591
PTB | CANDIDATO | JUVENAL PEREIRA DE OLIVEIRA | 20576803000104,215,0.00000008265230735591
PSD | CANDIDATO | MOACIR GUEDES DE MOURA | 20580034000100,0,0.00000008265230735591
PMN | CANDIDATO | CINEIDE APARECIDA MIRANDA VASCONCELOS | 20654579000113,87,0.00000008265230735504
PSDB | CANDIDATO | ROBSON CLEIBER DE LIMA | 20569030000120,230,0.00000008265230735417
PSL | CANDIDATO | ANDERSON RENAN PACHECO | 20569442000160,208,0.00000008265230735417
PSD | CANDIDATO | LAERCIO SILVA DE SOUZA | 20579179000190,1533,0.00000008265230735417
PSD | CANDIDATO | FERNANDA ELIZA TOSCANI BURIGO | 20573990000164,295,0.00000008265230735417
PSDB | CANDIDATO | UDO SCHMIDT NETO | 20572619000188,4151,0.00000008265230735417
PP | CANDIDATO | DAGMAR PIOLI GONÇALVES | 20572750000145,218,0.00000008265230735417
PSC | CANDIDATO | ADAUTO FORNAZIERI | 20609656000113,4177,0.00000008265230735417
PSDB | CANDIDATO | MIRIAN DE GODOY BUENO SENEGAGLIA | 20573203000184,549,0.00000008265230735417
PTB | CANDIDATO | OSVALDO BUSKEI | 20576110000103,707,0.00000008265230735417
PMN | CANDIDATO | JANINE DE ALMEIDA VIEIRA | 20573676000181,425,0.00000008265230735417
PTB | CANDIDATO | PAULO GEOVANE CLARIMUNDO | 20576095000101,323,0.00000008265230735417
PSD | CANDIDATO | IVALINO GARCIA | 20577324000102,1277,0.00000008265230735417
PSL | CANDIDATO | VALDINEI ACIR DE PAULO | 20572370000100,1813,0.00000008265230735417
PSD | CANDIDATO | ANA CLAUDIA SABINO | 20578211000113,342,0.00000008265230735417
PTB | CANDIDATO | LUIS FELIPE DUARTE | 20576055000151,200,0.00000008265230735417
PSL | CANDIDATO | AGENOR DE SOUZA LEAL NETO | 20573546000149,1074,0.00000008265230735417
PSL | CANDIDATO | NORBERTO MOIMAZ | 20571351000160,720,0.00000008265230735396
PSDC | CANDIDATO | NERY BRAZ | 20622927000170,95,0.00000008265230735396
PSC | CANDIDATO | JAILTON DE JESUS ROCHA | 20566474000102,1250,0.00000008265230735385
PSL | CANDIDATO | YEDA MARIA JOSE DE PAULA | 20569301000148,29,0.00000008265230735374
PSL | CANDIDATO | GENECI VARGAS SOUTO | 20571435000101,42,0.00000008265230735374
PTB | CANDIDATO | JUCELINO DOS SANTOS | 20576923000101,233,0.00000008265230735374
PSDC | CANDIDATO | PEDRO CONCEIÇÃO DO NASCIMENTO | 20580702000107,161,0.00000008265230735374
PPS | CANDIDATO | CARLOS LOPATIUK | 20572899000124,382,0.00000008265230735374
PSL | CANDIDATO | NOEL CARLOS DE LIMA | 20572606000109,176,0.00000008265230735363
PSL | CANDIDATO | LUCIA DUTRA PORTO | 20573661000113,42,0.00000008265230735363
PSDC | CANDIDATO | GERSON BATISTA RIBEIRO | 20580722000170,195,0.00000008265230735358
PSC | CANDIDATO | TANCLÉR ILDEFONSO PAVANI | 20564624000149,334,0.00000008265230735352
PSL | CANDIDATO | ZILTON MAXIMO DA SILVA | 20571768000122,250,0.00000008265230735352
PSC | CANDIDATO | ROBERTA DE OLIVEIRA SOUZA DOS SANTOS | 20568171000129,444,0.00000008265230735352
PMN | CANDIDATO | VALDETH SOUSA SANTOS | 20605076000158,686,0.00000008265230735341
PSC | CANDIDATO | MARCOS CESAR ZAMPIERI | 20567916000135,8987,0.00000008265230735336
PSC | CANDIDATO | CARLA CRISTIANA DE CARVALHO | 20569401000174,16484,0.00000008265230735331
PPS | CANDIDATO | EMILIO DIERKA | 20568742000125,486,0.00000008265230735331
PHS | CANDIDATO | NILSON LEANDRO DE SOUSA | 20576395000182,1498,0.00000008265230735331
PTB | CANDIDATO | SEDENIR DE PAULO MESQUITA | 20576858000106,983,0.00000008265230735331
PSL | CANDIDATO | PEDRO APARECIDO DOMINGOS | 20572399000192,447,0.00000008265230735331
PSC | CANDIDATO | ARILDO OLIVEIRA MELO | 20572340000102,558,0.00000008265230735331
PSDB | CANDIDATO | MARIO SERGIO BRADOCK ZACHESKI | 20604789000105,10575,0.00000008265230735287
PTB | CANDIDATO | NELSI COGUETTO MARIA | 20576470000105,26263,0.00000008265230735265
PSC | CANDIDATO | MARISA LOBO FRANCO FERREIRA ALVES | 20569486000190,14902,0.00000008265230735244
PSDB | CANDIDATO | MARIA MEIRE MAIA CLEVE | 20659745000174,443,0.00000008265230735244
PSDC | CANDIDATO | GERCEO DILBERTI | 20622962000190,96,0.00000008265230735244
PSD | CANDIDATO | ANTONIO CARLOS SPERANDIO | 20574025000106,204,0.00000008265230735244
PPS | CANDIDATO | ANA MARIA NACHORNIK | 20566182000170,465,0.00000008265230735244
PEN | CANDIDATO | MARCUS VENICIUS MESQUITA PIRES | 20579914000166,341,0.00000008265230735244
PTB | CANDIDATO | PEDRO EVANGELISTA DOS SANTOS | 20576422000117,8826,0.00000008265230735244
PSDB | CANDIDATO | RÔMULO JOSÉ CARVALHO COSTA PALES | 20569665000128,75,0.00000008265230735244
PSDB | CANDIDATO | MÁRCIA GRACÍLIA RAMOS PEDROSO FATTORI | 20573041000184,709,0.00000008265230735244
PT do B | CANDIDATO | FLAVIO DENI FONSECA NAKAD | 20573670000104,432,0.00000008265230735244
PT do B | CANDIDATO | AROLDO PEREIRA DE LIMA | 20572250000103,374,0.00000008265230735244
PSC | CANDIDATO | ALTAMIR SANSON | 20566914000121,13576,0.00000008265230735244
PSDB | CANDIDATO | FRANCISCO PUTON | 20570740000170,14400,0.00000008265230735244
PTB | CANDIDATO | ANTONIO BASSI | 20576313000108,87,0.00000008265230735244
PSC | CANDIDATO | VANIA FATIMA DE LIMA | 20572256000180,323,0.00000008265230735244
SD | CANDIDATO | MARCELO JOSÉ FRANCEZ | 20574694000188,312,0.00000008265230735244
PTB | CANDIDATO | JOSÉ DO CARMO GARCIA | 20576335000160,24261,0.00000008265230735244
PSD | CANDIDATO | RUBENS JORDANI BELEZE | 20574519000190,353,0.00000008265230735157
PSDC | CANDIDATO | ANGELINA TOMAZ DA SILVA BRITO | 20581340000160,485,0.00000008265230735157
PHS | CANDIDATO | GUSTAVO CORULLI RICHA | 20569667000117,10185,0.00000008265230735157
PSC | CANDIDATO | CARLOS ANDRÉ SILVA TÁMEZ | 20568488000165,1399,0.00000008265230735070
PSD | CANDIDATO | SONIA REGINA WOTKOSKI | 20572702000157,730,0.00000008265230735070
PSDB | CANDIDATO | ROGERIO MASSING | 20573363000123,3128,0.00000008265230735070
PSL | CANDIDATO | SOELI ALVES VAZ | 20568841000107,60,0.00000008265230735070
PTB | CANDIDATO | MARIO APARECIDO DOS SANTOS | 20576594000190,1312,0.00000008265230735070
PSD | CANDIDATO | SIDNEY MIAMI DE OLIVEIRA | 20574840000175,346,0.00000008265230735070
PSDC | CANDIDATO | RENALDO DA ROCHA CRUZ | 20577017000113,730,0.00000008265230735070
PSDC | CANDIDATO | AMAURI DE JESUS PEREIRA | 20576689000104,3581,0.00000008265230735070
PSC | CANDIDATO | JOSE APARECIDO ALVES | 20566233000163,5264,0.00000008265230735070
PSL | CANDIDATO | CARLOS AUGUSTO DA SILVA | 20578849000154,1147,0.00000008265230735070
PSDC | CANDIDATO | TARAS KAZYMYRKO | 20581656000152,213,0.00000008265230735070
PSL | CANDIDATO | ROSIDETE DA CONSEIÇAO SERPE | 20569293000130,156,0.00000008265230735070
PTB | CANDIDATO | AMAURI DOLENGA DOS SANTOS | 20576830000179,6772,0.00000008265230734897
PSDB | CANDIDATO | SANDRA MARQUES PRADO | 20659707000111,239,0.00000008265230734723
PSC | CANDIDATO | MARISA MASSA LUCAS | 20571752000110,10736,0.00000008265230734550
PSDC | CANDIDATO | EMERSON GILBERTO PALHARES | 20578037000109,894,0.00000008265230734550
PSC | CANDIDATO | LUIS RAIMUNDO CORTI | 20572123000104,20495,0.00000008265042529369
PSL | CANDIDATO | MARIA ANALIA WALTER | 20572662000143,621,0.00000008264101502599
PTB | CANDIDATO | MARIA DA CONCEICAO MARTINS MISUMI | 20577020000137,35,0.00000008255820462336
PP | CANDIDATO | MARIA SILVANI ARAUJO GONÇALVES | 20572801000139,950,0.00000008195060719873
PSD | CANDIDATO | JURACI LUCIANO DA SILVA | 20577779000110,33892,0.00000007530483656353
PTB | CANDIDATO | PIETRO ARNAUD SANTOS DA SILVA | 20576172000115,5058,0.00000007470497793982
PSD | CANDIDATO | DA GONÇALVES CORTEZ | 20592441000137,8581,0.00000007312478011393
PPS | CANDIDATO | MARCELO BIENTINEZ MIRÓ | 20567457000190,3981,0.00000007206575054330
PPS | CANDIDATO | RENE PAULO FONTANELLI MACHADO | 20571221000127,606,0.00000007169282582073
PPS | CANDIDATO | MONICA CAETANO DA SILVA | 20579716000100,84,0.00000007108771920639
PSD | CANDIDATO | ELISANGELA SANTOS CORREA LEITE | 20574447000181,434,0.00000007101859856966
PSD | CANDIDATO | ADRIANA VILARINHO SALOMÃO COELHO | 20697112000150,1689,0.00000007090127912557
PSD | CANDIDATO | MARCELINO COELHO | 20574449000170,1056,0.00000007090127912557
PR | CANDIDATO | LUIZ ANTONIO PENTEADO SETTI | 20570922000141,1630,0.00000007088946645320
PSDC | CANDIDATO | PEDRO CARDOSO DOS SANTOS | 20581501000116,184,0.00000007011358946554
PSC | CANDIDATO | EMERSON MIGUEL PETRIV | 20568318000180,12110,0.00000006249973781081
PSB | CANDIDATO | ANDRESSA DE PAULA FERREIRA | 20569774000145,62,0.00000006242022100242
PSB | CANDIDATO | LUCIA DE OLIVEIRA FERREIRA | 20572358000104,102,0.00000006242022100242
PSD | CANDIDATO | ROBSON LUIZ BUENO | 20579188000181,723,0.00000005760537046332
SD | CANDIDATO | AILTON ALVES DE OLIVEIRA | 20605021000148,8159,0.00000005605585534640
PPS | CANDIDATO | SILVANA BARBOSA LIMA RIBAS | 20572990000140,196,0.00000005544600939489
PSL | CANDIDATO | NAIR LENZ | 20573627000149,4428,0.00000005469399419131
PPS | CANDIDATO | MOEMA IRANI TIBURTIUS LOGULLO | 20570437000178,56,0.00000005460707559572
PSD | CANDIDATO | FERNANDO AUGUSTO VICENTINE | 20572033000113,4201,0.00000005415469296263
PSDB | CANDIDATO | LUIZ GUILHERMINO RORATO | 20571340000180,814,0.00000005411746122931
PEN | CANDIDATO | ZELIA SIQUEIRA SZCZOTKA | 20581305000141,320,0.00000005411074675485
SD | CANDIDATO | PATRICIA DE OLIVEIRA PASSOS | 20573858000152,236,0.00000005410907224015
PSD | CANDIDATO | PEDRO DOS SANTOS LIMA GUERRA | 20568881000159,32123,0.00000005410906818524
PSC | CANDIDATO | EUNICE DO CARMO SALLES BINA | 20572362000164,459,0.00000005410906814447
PSC | CANDIDATO | FLAVIO DUBEN FERRARI | 20569685000107,11211,0.00000005410906814187
PMN | CANDIDATO | ROBISON RICARDO FURMAN | 20659701000144,2659,0.00000005410906814014
PT do B | CANDIDATO | SIMONE GASPAR TEIXEIRA | 20572893000157,244,0.00000005410906814014
PSB | CANDIDATO | JANETE MICHAKI | 20573399000107,104,0.00000005410906813992
PSL | CANDIDATO | ULISSES FALCI JUNIOR | 20569178000165,8863,0.00000005410906813970
PHS | CANDIDATO | EVANGELISTA PEREIRA DA SILVA | 20576907000100,12935,0.00000005410906813959
PSDC | CANDIDATO | JANETE DE PAULA COSTA DE ARAÚJO | 20581231000143,769,0.00000005410906813927
PSL | CANDIDATO | MARIO RENE DE VARGAS GARCIA | 20572305000185,204,0.00000005410906813927
PPS | CANDIDATO | CLARISDETE RODRIGUES | 20578752000141,17,0.00000005410906813927
PTB | CANDIDATO | RENE BERTI | 20579159000110,388,0.00000005410906813927
PHS | CANDIDATO | RODRIGO FRANCISCO DOS SANTOS | 20576202000193,431,0.00000005410906813927
PPS | CANDIDATO | ARISTIDES ALVES RODRIGUES FILHO | 20569327000196,361,0.00000005410906813927
PSL | CANDIDATO | IVAN CARLOS DE MORAES | 20572056000128,1748,0.00000005410906813862
PTB | CANDIDATO | NILZA MACIEL DA SILVA GIROTO | 20576236000188,353,0.00000005410906813840
PSD | CANDIDATO | ALEXANDRE ALBERTO ALVES DA LUZ | 20578149000160,294,0.00000005410906813840
PPS | CANDIDATO | JESSICA HELOISE CAMARGO DE LIMA | 20564439000154,278,0.00000005410906813840
PSL | CANDIDATO | ANTONIO MIGUEL PINTO NETO | 20572304000130,446,0.00000005410906813753
PP | CANDIDATO | MARLOVA ELIZABETE SILVEIRA | 20573422000163,264,0.00000005410906813753
PEN | CANDIDATO | JAIR SOARES | 20579834000100,5325,0.00000005410906813753
PSL | CANDIDATO | ANTONIO CARLOS FERREIRA PADILHA | 20572615000108,1656,0.00000005410906813753
PSC | CANDIDATO | ROZANGELA VIDAL DOS SANTOS | 20573484000175,782,0.00000005410906813580
PP | CANDIDATO | DIVONSIR EMANOEL FERREIRA | 20609014000114,392,0.00000005410906813580
PSDC | CANDIDATO | MARIA MAGALLI DE MACEDO | 20576607000121,46,0.00000005410906813580
PSDC | CANDIDATO | ANDERSON RAMALHO DOS SANTOS | 20580245000142,683,0.00000005410906813580
PMN | CANDIDATO | CLAUDIO DO ESPÍRITO SANTO | 20605084000102,249,0.00000005410906813580
PSD | CANDIDATO | LAURIVAL FERREIRA DA MOTA | 20578229000115,367,0.00000005410906813406
PSC | CANDIDATO | WILMAR REICHEMBACH | 20571222000171,25452,0.00000004858059596616
PSDC | CANDIDATO | SONIA MARA LANDARIN PRINS DE CRISTO | 20622971000180,164,0.00000004234622724177
PPS | CANDIDATO | ANA CAROLINA MELO MATOS CARRARA | 20569589000150,0,0.00000004234622723830
PSD | CANDIDATO | GIOCONDO CEZAR CABRAL | 20578632000144,1044,0.00000003941294618795
PTB | CANDIDATO | RONY DOS SANTOS ALVES | 20576788000196,10288,0.00000003433419626907
PSL | CANDIDATO | DIRCEU MOREIRA CARRIEL | 20573013000167,16842,0.00000003346855395950
PSDC | CANDIDATO | ISAAK JOEL PEREIRA ALMEIDA | 20576242000135,1347,0.00000003200904265602
PP | CANDIDATO | MARCELO BELINATI MARTINS | 20573470000151,137817,0.00000003156945823399
PSC | CANDIDATO | VANIL BARBARINE | 20786474000118,2218,0.00000002948946690236
PP | CANDIDATO | RUBENS FRANZIN MANOEL | 20572596000101,6143,0.00000002917479231378
PPS | CANDIDATO | FELIPE DITTRICH FERREIRA | 20569543000131,668,0.00000002903887109246
PSC | CANDIDATO | HIDEKAZU TAKAYAMA | 20567222000106,162952,0.00000002858215497874
PSC | CANDIDATO | OSNI DE FREITAS MENEZES | 20567123000116,6648,0.00000002856671108692
PSC | CANDIDATO | PAULO EDUARDO LIMA MARTINS | 20565964000194,63970,0.00000002856002538805
PHS | CANDIDATO | PRISCILLA SCHNEIDER FRANCO | 20569435000169,1182,0.00000002855714241988
PTB | CANDIDATO | JANAINA VANESSA DE CAMPOS SCHNEIDER | 20577004000144,3802,0.00000002854323921664
PPS | CANDIDATO | JOAO DOUGLAS FABRICIO | 20572547000179,54518,0.00000002854323921490
PMN | CANDIDATO | ARILDO ARRUDA DE OLIVEIRA | 20576106000145,1031,0.00000002854323921317
PEN | CANDIDATO | ALYSSON LUIS DONAISKI | 20579163000188,55,0.00000002854323921230
PSC | CANDIDATO | EDMAR DE SOUZA ARRUDA | 20571346000157,85155,0.00000002854323920970
PMDB | CANDIDATO | REINHOLD STEPHANES JUNIOR | 20572360000175,39965,0.00000002513064322959
PSDB | CANDIDATO | EVANDRO BUQUERA DE FREITAS OLIVEIRA JUNIOR | 20569527000149,64467,0.00000002307153519360
SD | CANDIDATO | PAULO HENRIQUE AREIAS HORACIO | 20574591000118,3566,0.00000001717723078706
PSD | CANDIDATO | JOSE CARLOS SAHAGOFF RAAD | 20574791000170,18230,0.00000001675436655559
PR | CANDIDATO | MÁRIO CORREA FARIA JUNIOR | 20573037000116,4382,0.00000001457931924492
PMDB | CANDIDATO | ALEXANDRE MARANHÃO KHURY | 20569229000159,114797,0.00000001318889103225
PMDB | CANDIDATO | NEREU ALVES DE MOURA | 20571566000180,48735,0.00000001220687125686
PP | CANDIDATO | RICARDO JOSÉ MAGALHÃES BARROS | 20571814000193,114396,0.00000001198703496186
PSL | CANDIDATO | ROBERTO CAUNETO PICORELI | 20569107000162,35626,0.00000001036595836511
DEM | CANDIDATO | NELSON ROBERTO PLACIDO SILVA JUSTUS | 20569922000121,43446,0.00000000970074179145
PDT | CANDIDATO | CARLOS CESAR MARTINS | 20576855000172,1779,0.00000000926404451762
SD | CANDIDATO | PAULO RENATO ELACHE COUTINHO | 20574606000148,21373,0.00000000490699668398
SD | CANDIDATO | JOSE MARIA ALVES PEREIRA | 20578602000138,10672,0.00000000439864449291
PSC | CANDIDATO | DEVANIL REGINALDO DA SILVA | 20564046000140,29097,0.00000000405687907400
PSDB | CANDIDATO | ALVARO FERNANDES DIAS | 20568775000175,4101848,0.00000000363884236111
PSD | CANDIDATO | LUCIANO TEIXEIRA ODEBRECHT | 20574797000148,3414,0.00000000361319362624
PP | CANDIDATO | ANTONIO CARLOS SALLES BELINATI | 20573491000177,28542,0.00000000330922197847
PMDB | CANDIDATO | ARTAGÃO DE MATTOS LEÃO JUNIOR | 20569039000131,78594,0.00000000322314183041
SD | CANDIDATO | REINALDO JOSE ROCHA | 20578840000143,4332,0.00000000305664792435
PSC | CANDIDATO | ANGELLO AUGUSTO ROMÃO MANFRINATO | 20573658000108,11278,0.00000000289049283337
PPS | CANDIDATO | ISABEL CRISTINA RAUEN SILVESTRI | 20572726000106,38926,0.00000000276544900001
SD | CANDIDATO | INACIO BUDZIAK | 20577700000150,3156,0.00000000253577035932
PSC | CANDIDATO | CLAUDIO APARECIDO ALVES PALOZI | 20571455000174,39364,0.00000000239934305236
SD | CANDIDATO | RITA APARECIDA DE OLIVEIRA | 20574399000121,5820,0.00000000229036926230
PSDC | CANDIDATO | ROMUALDO CAMARGO | 20576566000173,2111,0.00000000224478020547
PP | CANDIDATO | CYLLENEO PESSOA PEREIRA JUNIOR | 20572438000151,10065,0.00000000214222967924
PSDC | CANDIDATO | SIDNEI ANTONIO TREVIZAN | 20576755000146,7804,0.00000000207850019487
PSC | CANDIDATO | EWERSON ALVES DA SILVA | 20564174000194,2214,0.00000000181051035969
PSC | CANDIDATO | CARLOS ROBERTO MASSA JUNIOR | 20569317000150,300928,0.00000000177227073121
PP | CANDIDATO | JOSE CARLOS SCHIAVINATO | 20571109000196,61507,0.00000000157561239576
PR | CANDIDATO | WILSON DA SILVA | 20569266000167,1439,0.00000000138199388218
SD | CANDIDATO | OSNI DA SILVA SILVEIRA | 20574681000109,1325,0.00000000135845206958
SD | CANDIDATO | JECE DE MORAIS | 20578723000180,542,0.00000000135035200036
PTB | CANDIDATO | JOSE RENATO STRAPASSON | 20576457000156,28395,0.00000000116341437786
PR | CANDIDATO | WALMOR FRANCISCO LODI | 20570476000175,2993,0.00000000107188194258
PP | CANDIDATO | CARMO COSTA | 20570680000196,5472,0.00000000105259903484
PP | CANDIDATO | MARIA VICTORIA BORGHETTI BARROS | 20569894000142,44870,0.00000000084363115625
PSB | CANDIDATO | KENNY TSUSHIMA | 20569597000105,2514,0.00000000083771833220
SD | CANDIDATO | OSCALINO DE MELO | 20574213000134,3371,0.00000000083092275421
SD | CANDIDATO | ELIAS RODOVANSKI | 20574549000105,5270,0.00000000074444690776
PP | CANDIDATO | EFIGENIA DE SOUZA BENEDITO | 20572025000177,526,0.00000000070291135239
PV | CANDIDATO | HOMERO FIGUEIREDO LIMA E MARCHESE | 20569371000104,12658,0.00000000065416655426
PSDC | CANDIDATO | ALEXANDRE DAVID ANDRADE | 20576254000160,2240,0.00000000064839493930
PPS | CANDIDATO | WALDIR FRARES | 20571140000127,787,0.00000000059911545690
PV | CANDIDATO | JORGE GOMES DE OLIVEIRA BRAND | 20569339000110,13265,0.00000000053861255386
PP | CANDIDATO | JOSE ROBERTO ESPOSTI | 20573048000104,3765,0.00000000051923911872
PMDB | CANDIDATO | LUIZ CLAUDIO ROMANELLI | 20571112000100,60298,0.00000000051793935701
PR | CANDIDATO | ANTONIO SERGIO CAMPANHA RIBEIRO | 20572966000100,2975,0.00000000047322624378
PP | CANDIDATO | OILSON MULLER | 20571300000138,6,0.00000000045909042887
PHS | CANDIDATO | EDSON MANOEL DOS SANTOS | 20576669000133,1909,0.00000000038020077689
PP | CANDIDATO | DILCEU JOÃO SPERAFICO | 20570190000190,151930,0.00000000032460122090
SD | CANDIDATO | LORI DE FÁTIMA DUQUES RIBEIRO | 20578525000116,6,0.00000000031549226252
PP | CANDIDATO | VANILDO FELIPE SOTERO | 20571925000108,4075,0.00000000024965419142
PP | CANDIDATO | MARCO ANTONIO ANDREOTTI | 20572363000109,2784,0.00000000018284693898
SD | CANDIDATO | ROSICLEIA CAMPESTRINI COOPER | 20574542000185,162,0.00000000017194686994
PHS | CANDIDATO | GEVANILDO LINO | 20576124000127,535,0.00000000016498620092
SD | CANDIDATO | CLAUDIONOR RODRIGUES | 20574363000148,264,0.00000000014354539259
PSC | CANDIDATO | JOÃO ALBERTO BOMBARDELLI | 20567297000189,6291,0.00000000012886222525
SD | CANDIDATO | ROSELI LIMA DA COSTA | 20578151000139,48,0.00000000012303890719
SD | CANDIDATO | GILSSARA RIBEIRO DA FONSECA | 20577619000170,10,0.00000000012303890545
SD | CANDIDATO | CLEVERSON DE MORAIS FURTUOSO | 20578212000168,167,0.00000000012303890545
PMDB | CANDIDATO | ADEMIR ANTONIO OSMAR BIER | 20569880000129,45699,0.00000000011250040309
PMDB | CANDIDATO | ROBERTO REQUIAO DE MELLO E SILVA | 20569641000179,1634316,0.00000000009491570203
PP | CANDIDATO | JONES DARC DE JESUS | 20570631000153,9712,0.00000000009100279731
PSC | CANDIDATO | AGUINALDO ROBERTO DO CARMO | 20568088000150,2422,0.00000000009014341010
PMDB | CANDIDATO | HERMES PARCIANELLO | 20571389000132,150213,0.00000000007754823086
PMDB | CANDIDATO | JOÃO JOSÉ DE ARRUDA JUNIOR | 20569102000130,176370,0.00000000006455908204
PSC | CANDIDATO | PAULO CESAR FRISSO | 20567304000142,4168,0.00000000005035853158
PMDB | CANDIDATO | MAURICIO THADEU DE MELLO E SILVA | 20573480000197,50167,0.00000000004987062586
PSC | CANDIDATO | SERGIO PAULO DE OLIVEIRA | 20566971000100,58924,0.00000000004669891383
PSC | CANDIDATO | CLAUDEMIR BARINI | 20573420000174,2798,0.00000000002911821305
PROS | CANDIDATO | JOSÉ DE OLIVEIRA REIS NETO | 20576321000146,2459,0.00000000002418423534
PSDC | CANDIDATO | JOSÉ ARNALDO PERON MARTINS | 20581083000167,1230,0.00000000002413323881
PSDB | CANDIDATO | PAULO ROSENMANN | 20569228000104,4590,0.00000000001678617656
PMDB | CANDIDATO | SABINE DENISE GIESEN | 20573633000104,7445,0.00000000001656251763
PSL | CANDIDATO | JAMAL ALI MOHAMAD ABOU FARES | 20572416000191,1942,0.00000000001643105790
PMDB | CANDIDATO | GILBERTO BERGUIO MARTIN | 20572047000137,16842,0.00000000001538698075
PMDB | CANDIDATO | SERGIO DE SOUZA | 20573058000131,77699,0.00000000001370773265
PMDB | CANDIDATO | MAURICIO FONSECA FADEL | 20614346000197,8151,0.00000000001367746107
PR | CANDIDATO | GASTAO SCHEFER NETO | 20568108000192,23239,0.00000000000839308831
PSC | CANDIDATO | EDISON CARNEIRO RODRIGUES | 20573694000163,664,0.00000000000839308657
PMDB | CANDIDATO | WILLIAM CEZAR POLLONIO MACHADO | 20604602000165,7880,0.00000000000821268921
PMDB | CANDIDATO | WALDYR ORTENCIO PUGLIESI | 20570103000102,13706,0.00000000000689438610
PMDB | CANDIDATO | ANTONIO ANNIBELLI NETO | 20573065000133,49349,0.00000000000629270594
PSDC | CANDIDATO | JOSÉ APARECIDO CARDOSO DE SÁ | 20579136000105,449,0.00000000000482664950
PP | CANDIDATO | VILSON LUCIANO SANTINI | 20569063000170,7158,0.00000000000466333742
PMDB | CANDIDATO | NEIDE MARIA CARDOSO | 20571728000180,1054,0.00000000000435277855
PMDB | CANDIDATO | MARIO ROGISKI | 20571734000138,2145,0.00000000000432602912
PP | CANDIDATO | JOSE RONALDO FERREIRA | 20572972000168,16332,0.00000000000410716166
PTB | CANDIDATO | ROSANGELA FERNANDES PESSOA | 20577002000155,192,0.00000000000392173273
PPL | CANDIDATO | ALZIMARA CABREIRA FRAGA BACELLAR | 20571310000173,778,0.00000000000386052822
PMDB | CANDIDATO | RODRIGO SANTOS DA ROCHA LOURES | 20569971000164,58493,0.00000000000240672239
PMDB | CANDIDATO | LUIZ CARLOS CAITO QUINTANA | 20568814000134,18225,0.00000000000236438126
PMDB | CANDIDATO | CLEITON KIELSE BORDINI CRISOSTOMO | 20572796000164,38318,0.00000000000225601482
PMDB | CANDIDATO | MARCELO BELTRAO DE ALMEIDA | 20572520000186,465263,0.00000000000186968670
PMDB | CANDIDATO | RAFAEL VALDOMIRO GRECA DE MACEDO | 20570870000103,37457,0.00000000000176907100
PMDB | CANDIDATO | MARCOS RENATO SUDUL | 20573055000106,1343,0.00000000000161371264
PSDB | CANDIDATO | LUIZ CARLOS JORGE HAULY | 20569936000145,86439,0.00000000000157577684
PP | CANDIDATO | SERGIO JOSÉ VILLELA BARONCINI | 20572782000140,2337,0.00000000000129204373
PV | CANDIDATO | JOSE VICENTE DE LIMA | 20570998000177,3255,0.00000000000126983667
PMDB | CANDIDATO | ANDRE ZACHAROW | 20570113000130,19268,0.00000000000120730856
PMDB | CANDIDATO | JAIRO JOSE MELO | 20572254000191,3960,0.00000000000115519573
PMDB | CANDIDATO | WILLIAN ANTUNES WENCESLAU BRAZ | 20569595000108,2741,0.00000000000100193118
PV | CANDIDATO | DILTO VITORASSI | 20571647000180,32580,0.00000000000095468078
PMDB | CANDIDATO | CESARIO RICARDO MARCONCIN | 20569066000104,886,0.00000000000086544313
PMDB | CANDIDATO | LUIZ EDUARDO CHEIDA | 20573220000111,28225,0.00000000000082211495
PMDB | CANDIDATO | NOEMIA DE SOUZA E SILVA ALVES ROCHA | 20571812000102,15357,0.00000000000081256876
PMDB | CANDIDATO | ANTONIO TERUO KATO | 20572428000116,52260,0.00000000000080626976
PMDB | CANDIDATO | MARINALVA GONÇALVES DA SILVA | 20571491000138,393,0.00000000000078900428
PV | CANDIDATO | LEANDRE DAL PONTE | 20573236000124,81181,0.00000000000078334908
PV | CANDIDATO | PAULO SALAMUNI | 20571967000130,15482,0.00000000000076626899
PMDB | CANDIDATO | ANTONIO CARLOS DE MARIO | 20570608000169,594,0.00000000000076365563
PV | CANDIDATO | MARIO HITOSHI NETO TAKAHASHI | 20569239000194,12634,0.00000000000072704516
PV | CANDIDATO | CRISTIANO PEREIRA DOS SANTOS | 20568842000151,35293,0.00000000000063275817
PMDB | CANDIDATO | LIGIA FABRIS BERG | 20573295000100,172,0.00000000000062550139
PMDB | CANDIDATO | JORGE AUGUSTO KRUGER | 20573582000102,1667,0.00000000000062549271
PV | CANDIDATO | JOSE ROBERTO ACIOLLI DOS SANTOS | 20571207000123,23173,0.00000000000060089780
PV | CANDIDATO | EDNEIA MARIA DA SILVA | 20572115000168,842,0.00000000000055004785
PPL | CANDIDATO | CLAIR DA FLORA MARTINS | 20570449000100,3957,0.00000000000053935155
PP | CANDIDATO | EDSON FERREIRA DA SILVA | 20569211000157,1230,0.00000000000051339488
PV | CANDIDATO | JOAO CARLOS BARBIERO | 20572666000121,19555,0.00000000000050790448
PV | CANDIDATO | LINDSLEY DA SILVA RASCA RODRIGUES | 20571473000156,23815,0.00000000000049832187
PV | CANDIDATO | MARCIO ROSA DA SILVA | 20568829000100,7433,0.00000000000045090407
PV | CANDIDATO | MARCOS VIEIRA | 20571940000148,4593,0.00000000000038750773
PV | CANDIDATO | NATANAEL DE FREITAS JUNIOR | 20569546000175,600,0.00000000000036473428
PV | CANDIDATO | RENALDO RODRIGUES | 20572439000104,7935,0.00000000000036089708
PMDB | CANDIDATO | MARCUS ANTONIO ELIAS ROQUE | 20572924000170,12643,0.00000000000031275330
PV | CANDIDATO | HUGO APARECIDO FURRIER | 20569409000130,7613,0.00000000000025072132
PV | CANDIDATO | ITAMIR VIOLA | 20572885000100,16380,0.00000000000020861329
PV | CANDIDATO | ALEKSANDRA SANTOS | 20569397000144,1227,0.00000000000020808529
PV | CANDIDATO | ADRIANA FERREIRA | 20573384000149,2458,0.00000000000020377276
PV | CANDIDATO | MAICOL GEISON CALLEGARI RODRIGUES BARBOSA | 20569469000153,8473,0.00000000000019922085
PPL | CANDIDATO | JOEL OLIVÉRIO | 20571465000100,552,0.00000000000017175671
PV | CANDIDATO | JOÃO BATISTA COELHO DE SOUZA FURLAN | 20569215000135,5375,0.00000000000015369650
PV | CANDIDATO | JOSE PEDRO FERREIRA GUIMARAES | 20572278000140,687,0.00000000000013835807
PV | CANDIDATO | ODILON VOLKMANN | 20570787000134,1361,0.00000000000013820889
PV | CANDIDATO | VALTER MAINARDES | 20571153000104,331,0.00000000000013801807
PV | CANDIDATO | ONORIO CESAR DE FREITAS | 20569041000100,482,0.00000000000013715591
PV | CANDIDATO | ADRIANO DA SILVA DE OLIVEIRA | 20569129000122,1670,0.00000000000013715157
PV | CANDIDATO | MARIA DE FATIMA SADDOCK PEREIRA | 20572290000155,1188,0.00000000000012964803
PV | CANDIDATO | ALMEDES MARTINS DE OLIVEIRA | 20569707000120,330,0.00000000000012964716
PV | CANDIDATO | MAURI MIGUEL | 20571091000122,648,0.00000000000012964629
PMDB | CANDIDATO | ROBERTO ROLIM DE MOURA JUNIOR | 20568996000143,1251,0.00000000000012736340
PV | CANDIDATO | JOÃO BATISTA BELTRAME | 20570571000179,7973,0.00000000000012307690
PV | CANDIDATO | MOISES DE CAMARGO | 20571700000143,696,0.00000000000012263975
PV | CANDIDATO | ALAERTE LEANDRO MARTINS | 20572166000190,2085,0.00000000000012257036
PV | CANDIDATO | FREDERICO OTTO LEODEGAR KILIAN | 20570873000147,276,0.00000000000012214361
PV | CANDIDATO | ANA EULALIA E SILVA COSTA | 20618266000100,1838,0.00000000000012213841
PPL | CANDIDATO | RAFAEL FERNANDO ZILLI | 20569472000177,564,0.00000000000012213841
PV | CANDIDATO | BRUNA SPAGNOL | 20569861000100,200,0.00000000000011463747
PV | CANDIDATO | EMERSON FELIX VELOSO | 20573090000117,260,0.00000000000011463486
PV | CANDIDATO | HILARIO DA SILVA GOMES | 20570027000127,811,0.00000000000011463476
PV | CANDIDATO | DAVI MORAES DA LUZ | 20569340000145,301,0.00000000000011463443
PV | CANDIDATO | CLAUDINO DA SILVA DIAS | 20572402000178,1539,0.00000000000011463400
PV | CANDIDATO | ROSELI RIBEIRO DE SOUZA | 20668600000130,91,0.00000000000011462879
PV | CANDIDATO | JULIANA BATISTA | 20569426000178,502,0.00000000000010993572
PPL | CANDIDATO | RUDÁ MORAIS GANDIN | 20569677000152,688,0.00000000000010887905
PV | CANDIDATO | MAURO NEIVA | 20572631000192,222,0.00000000000010875502
PV | CANDIDATO | PEDRO PAULO BAZANA | 20572609000142,12226,0.00000000000010867696
PV | CANDIDATO | JOSÉ RIBEIRO SOBRINHO | 20571515000159,485,0.00000000000010819080
PV | CANDIDATO | NAIR TARTARI | 20569993000124,299,0.00000000000010765694
PV | CANDIDATO | RUBENS LOUREIRO | 20570656000157,612,0.00000000000010765520
PV | CANDIDATO | STOELSON DOS SANTOS | 20570713000106,411,0.00000000000010765477
PV | CANDIDATO | RICARDO NUNES CIRQUEIRA | 20569564000157,479,0.00000000000010765434
PV | CANDIDATO | JOÃO AUGUSTO BARBOSA | 20569068000101,446,0.00000000000010765173
PV | CANDIDATO | ROSEMARI KALLUF SCHNECK | 20571721000169,482,0.00000000000010741408
PV | CANDIDATO | SILVANE ALVES DA VEIGA | 20605173000140,91,0.00000000000010741234
PV | CANDIDATO | EDUARDO GUILHERME REINER | 20569481000168,3235,0.00000000000010733775
PV | CANDIDATO | JOSIANE DE FATIMA OSSOWSKI RONCHETTI | 20573476000129,177,0.00000000000010733775
PMDB | CANDIDATO | VERA LUCIA BARTZ | 20572645000106,693,0.00000000000010733558
PV | CANDIDATO | ANTONIO OSORIO BUENO DOS SANTOS | 20568746000103,5305,0.00000000000010733255
PPL | CANDIDATO | JANAINA DO ROCIO MOTA LISBOA | 20572440000120,365,0.00000000000010721350
PV | CANDIDATO | NILSON MISSIAS DA SILVA | 20569007000136,756,0.00000000000010713305
PV | CANDIDATO | JESSICA RIBEIRO GIARETA | 20569847000107,114,0.00000000000010713305
PV | CANDIDATO | CRISTIANO DE JESUS ROSA | 20569156000103,195,0.00000000000010713132
PPL | CANDIDATO | HUGO JOSE LANDGRAF JUNIOR | 20573252000117,368,0.00000000000010713045
PV | CANDIDATO | TALEL HADAYA | 20571993000169,98,0.00000000000010712958
PV | CANDIDATO | IVAN CARLOS DOS SANTOS | 20568824000170,200,0.00000000000010712958
PV | CANDIDATO | LUIZ CARLOS DOS SANTOS | 20572792000186,895,0.00000000000010712958
PPL | CANDIDATO | NILSON PROHNI | 20568917000102,64,0.00000000000010712958
PV | CANDIDATO | AROLDO DE MEIRA | 20571608000183,573,0.00000000000010712958
PV | CANDIDATO | TANIA MARIA HUL | 20572451000100,269,0.00000000000010712958
PV | CANDIDATO | MICHAEL PUQUEVIS ANDO | 20569512000180,897,0.00000000000010712958
PV | CANDIDATO | EVANDRO MARTINI | 20573396000173,229,0.00000000000010712872
PV | CANDIDATO | ALCIMARY AMARAL | 20572967000155,136,0.00000000000010712872
PV | CANDIDATO | MARCIO ROGERIO KAVITSKI | 20569202000166,296,0.00000000000010712872
PV | CANDIDATO | AMADO PIRES | 20572674000178,239,0.00000000000010712872
PV | CANDIDATO | VALDECIR HENRIQUE VAZ DE CAMARGO | 20572453000108,246,0.00000000000010712842
PV | CANDIDATO | ROQUE BANDEIRA RIBEIRO | 20572628000179,362,0.00000000000010712828
PV | CANDIDATO | DOURIVAL BRAZ SIMÕES | 20571308000102,878,0.00000000000010712828
PV | CANDIDATO | JOAO RICARDO WOLLMANN | 20572512000130,848,0.00000000000010712828
PV | CANDIDATO | FRANCISCO MAIA DE SOUZA | 20570734000113,117,0.00000000000010712807
PV | CANDIDATO | FLAVIO CARLOS DA SILVA | 20572934000105,459,0.00000000000010712785
PV | CANDIDATO | PEDRO LAZINA BACIL | 20569682000165,408,0.00000000000010712785
PPL | CANDIDATO | ANDERSON LUIZ BUENO | 20569150000128,4787,0.00000000000010712785
PV | CANDIDATO | AMANDA ESTEVÃO | 20569365000149,240,0.00000000000010712611
PV | CANDIDATO | JOSE CLAUDIR AQUINO | 20569130000157,268,0.00000000000010712264
PV | CANDIDATO | LUIZ FRANCISCO GUIL | 20573025000191,1343,0.00000000000010282660
PV | CANDIDATO | HELIA SANTOS DE OLIVEIRA | 20571731000102,300,0.00000000000009232632
PV | CANDIDATO | LUIZ GONZAGA CAETANO MONEZI | 20568976000172,349,0.00000000000009232459
PV | CANDIDATO | MANOEL CARLOS MENDES DA SILVA JUNIOR | 20571500000190,314,0.00000000000009232198
PV | CANDIDATO | VERA LUCIA CORACINI ZANELLO | 20570879000114,216,0.00000000000009232198
PV | CANDIDATO | MARCELO ROVEDA | 20573004000176,381,0.00000000000009211902
PV | CANDIDATO | MARLI TERESINHA MARCELINO DOS SANTOS | 20569276000100,0,0.00000000000009211815
PV | CANDIDATO | VALENTIN BONTORIN | 20570504000154,458,0.00000000000009211729
PV | CANDIDATO | JANETE APARECIDA BARTOSKI LAROCA DOS SANTOS | 20572010000109,324,0.00000000000009211642
PPL | CANDIDATO | CELSO WESLEY RIBAS | 20572136000183,32,0.00000000000009211642
PV | CANDIDATO | MARIA HELENA SCHREDERHOF DE AGUIAR | 20572060000196,132,0.00000000000009211642
PV | CANDIDATO | MARI VANESSA LASKOVSKI | 20569912000196,0,0.00000000000009211577
PV | CANDIDATO | GASPAR DOS SANTOS | 20569443000105,364,0.00000000000009211555
PV | CANDIDATO | PATRICIA DE BONA MATTOS | 20569233000117,157,0.00000000000009211468
PV | CANDIDATO | GHIBSON YURI PEREIRA | 20569930000178,45,0.00000000000009211382
PV | CANDIDATO | CARLOS ALBERTO DE ASSIS | 20573380000160,555,0.00000000000009211382
PPL | CANDIDATO | OTONIEL REZNISKI SANTOS | 20569051000146,219,0.00000000000008481757
PV | CANDIDATO | EUGENIO COVALCHUK PRIMO | 20571406000131,1438,0.00000000000006734890
PMDB | CANDIDATO | MARTINIANO DO VALLE NETO | 20572324000101,1637,0.00000000000006344231
PV | CANDIDATO | EMERSON LEONEVAL BORGES | 20573361000134,0,0.00000000000005254044
PMDB | CANDIDATO | SOLANGE SILVA CUNHA | 20572003000107,109,0.00000000000004728856
PMDB | CANDIDATO | ELISABETE MENDES DOS SANTOS DA COSTA | 20572664000132,196,0.00000000000004728683
PPL | CANDIDATO | MARIA FRAGA BATISTA | 20571830000186,6,0.00000000000004728336
PV | CANDIDATO | CARLOS LEONARDO DE ALBUQUERQUE NOVAES | 20572607000153,322,0.00000000000004503516
PSDB | CANDIDATO | LUIZ RENATO OLIVEIRA JORGE HAULY | 20569571000159,31802,0.00000000000000884882
PMDB | CANDIDATO | ELOIR DE ALMEIDA GONÇALVES | 20572754000123,584,0.00000000000000581132
PSDB | CANDIDATO | JACOB ALFREDO STOFFELS KAEFER | 20570932000187,82554,0.00000000000000001041
PPS | CANDIDATO | PAULO ROBERTO RINK | 20573187000120,19307,0.00000000000000000694
PT | CANDIDATO | CRISTINA FÉLIX DA SILVA | 20569383000120,941,0.00000000000000000520
PSL | CANDIDATO | JOSE ALBERTINO DA SILVA | 20571011000139,1555,0.00000000000000000520
PRB | CANDIDATO | DANIEL JOSE DIAS AUER | 20576089000146,508,0.00000000000000000520
PSC | CANDIDATO | MARCIO LUIZ GONÇALVES KAMMERS | 20569151000172,0,0.00000000000000000520
PV | CANDIDATO | FLÁVIA PRAZERES | 20569234000161,222,0.00000000000000000347
PTC | CANDIDATO | CECILIA DE OLIVEIRA SIMÃO | 20581877000120,75,0.00000000000000000347
PMDB | CANDIDATO | JOSE ANTONIO DE MELO FILHO | 20569058000168,2440,0.00000000000000000347
PEN | CANDIDATO | WANDERLEY VEIGA | 20581517000129,298,0.00000000000000000347
PT do B | CANDIDATO | ELVIS GIMENES | 20571933000146,151,0.00000000000000000347
PSC | CANDIDATO | FATIMA DOS SANTOS | 21031258000125,16,0.00000000000000000347
PV | CANDIDATO | JOSE TUROZI | 20570430000156,13190,0.00000000000000000347
PTC | CANDIDATO | EVERSON CAMARGO | 20581296000199,806,0.00000000000000000347
PSOL | CANDIDATO | LEANDRO SANTOS DIAS | 20559416000151,1727,0.00000000000000000347
PMDB | CANDIDATO | MARCIO ROBERTO ITIBERE DE BARROS COELHO | 20573666000146,716,0.00000000000000000347
PTC | CANDIDATO | CLETO TAMANINI | 20581407000167,3004,0.00000000000000000347
PSTU | CANDIDATO | IVAN RAMOS BERNARDO | 20576860000185,482,0.00000000000000000347
SD | CANDIDATO | FERNANDA QUEIROZ | 20573946000154,7437,0.00000000000000000347
PTC | CANDIDATO | ADAO ROWIECKI | 20581629000180,437,0.00000000000000000260
PSDC | CANDIDATO | ALBINO SURECK | 20577613000101,606,0.00000000000000000173
PT do B | CANDIDATO | DANIEL FERREIRA DE ALMEIDA | 20573691000120,0,0.00000000000000000173
PRTB | CANDIDATO | DIVINO VALDIR DA CRUZ SILVA | 20571107000105,1156,0.00000000000000000173
PMN | CANDIDATO | ARI ANTONIO ALVES SOBRINHO | 20572629000113,4302,0.00000000000000000173
PSOL | CANDIDATO | AUGUSTO LUIZ DE LIMA | 20559127000152,1521,0.00000000000000000173
PC do B | CANDIDATO | ELENITA LANZNASTER ANDRADE BATISTA | 20576685000126,135,0.00000000000000000173
PSOL | CANDIDATO | ALBERTO SEVERINO | 20797099000101,306,0.00000000000000000173
PMDB | CANDIDATO | LUIZ GONZAGA PEGO DE MACEDO | 20572008000130,622,0.00000000000000000173
PRP | CANDIDATO | SHIRLEY PAGNOSI CORRÊA | 20632301000145,684,0.00000000000000000173
PSOL | CANDIDATO | ADMISIO RAIMUNDO DE SOUZA | 20559293000159,271,0.00000000000000000173
PTC | CANDIDATO | MAURO DA CONCEIÇAO | 20582147000144,217,0.00000000000000000173
PDT | CANDIDATO | CRISTIAM GABRIEL | 20576974000125,406,0.00000000000000000173
PSOL | CANDIDATO | JOÃO JOSÉ OLIVEIRA MIRANDA | 20559395000174,199,0.00000000000000000173
PMDB | CANDIDATO | SONIA MARIA BARBOSA BRAGA | 20571481000100,2154,0.00000000000000000173
PSOL | CANDIDATO | SOLANGE BARBOSA DE AMORIM DELAMURA | 20559139000187,167,0.00000000000000000173
SD | CANDIDATO | PAULO CEZAR NEGRÃO | 20574506000111,5,0.00000000000000000173
PHS | CANDIDATO | FABIO ALEXANDRE PEREIRA | 20576121000193,341,0.00000000000000000173
PCB | CANDIDATO | SILVANA APARECIDA DE SOUZA | 20572656000196,2030,0.00000000000000000173
PTC | CANDIDATO | SAVIO HENRIQUE CLEMENTE | 20581233000132,393,0.00000000000000000173
SD | CANDIDATO | SILVIO MARCOS MURBAK | 20574820000102,2437,0.00000000000000000130
PSD | CANDIDATO | TONIEL MOCELIN CECCON | 20578946000147,21,0.00000000000000000087
PHS | CANDIDATO | ANTONIO CARLOS SIDRIN | 20576789000130,8034,0.00000000000000000087
PSC | CANDIDATO | EDIANA MICHELE DOS SANTOS | 20569837000163,20,0.00000000000000000087
PSOL | CANDIDATO | RAFAEL BONITO PEREIRA | 20559140000101,4568,0.00000000000000000087
PSOL | CANDIDATO | NIVIA MARIA ROMERO PIVA | 20559104000148,456,0.00000000000000000087
PTC | CANDIDATO | OELINTON CORNELIUS | 20679933000164,378,0.00000000000000000087
PTC | CANDIDATO | JUSSARA JOECKEL | 20581692000116,4752,0.00000000000000000087
PSC | CANDIDATO | NEUZA APARECIDA DA SILVA | 20571829000151,10,0.00000000000000000087
PSDB | CANDIDATO | SERGIO LUIS BOLONHEZI | 20572107000111,24459,0.00000000000000000087
PSOL | CANDIDATO | MARCEL ACÁCIO DE JESUS CHERUBIM | 20559462000150,521,0.00000000000000000087
PSOL | CANDIDATO | LUCIMERI COSTA SCHULMAISTER | 20559487000154,328,0.00000000000000000087
PSOL | CANDIDATO | GELSON FERREIRA DE SOUZA | 20559095000195,265,0.00000000000000000043
PV | CANDIDATO | LUCIANA SOARES FERREIRA | 20755122000103,372,0.00000000000000000043
PRTB | CANDIDATO | ADILSON DOS SANTOS SILVA | 20578889000104,15720,0.00000000000000000043
PTC | CANDIDATO | WILMA JULIA WERMER | 20679993000187,81,0.00000000000000000043
PSB | CANDIDATO | RAFAEL CRISTIANO BRUGNEROTTO | 20573562000131,5179,0.00000000000000000033
PSOL | CANDIDATO | MARCELO PEREIRA MACHADO | 20559108000126,959,0.00000000000000000022
PDT | CANDIDATO | JOSE GIULIANGELI DE CASTRO | 20574670000129,4599,0.00000000000000000022
PDT | CANDIDATO | CARLOS EDUARDO FELSKY | 20576527000176,2561,0.00000000000000000022
PSC | CANDIDATO | ALDIVINO MARQUES DA CRUZ NETO | 20571968000185,15576,0.00000000000000000016
PSDB | CANDIDATO | LIZMARI VIEIRA DO PRADO FONTANA | 20572511000195,3151,0.00000000000000000011
PSB | CANDIDATO | KATHYA MENNA BARRETO MADRUGA | 20572405000101,61,0.00000000000000000011
PTC | CANDIDATO | ADRIANO FERREIRA PEDROSO | 20581248000109,382,0.00000000000000000005
PTC | CANDIDATO | NATHALIE LOPES MARTINS | 20734192000177,8,0.00000000000000000004
PDT | CANDIDATO | JOAQUIM THEOPHILO GABRIEL | 20573854000174,353,0.00000000000000000000
PC do B | CANDIDATO | WAGNER SABINO | 20576363000187,566,0.00000000000000000000
PSOL | CANDIDATO | JOSE MAURO NONATO | 20559504000153,715,0.00000000000000000000
PSOL | CANDIDATO | LUCIANO EGIDIO PALAGANO | 20559131000110,744,0.00000000000000000000
PRTB | CANDIDATO | ALGACIR MILTON OZIR RIBEIRO | 20573092000106,299,0.00000000000000000000
PSC | CANDIDATO | WAGNER FERNANDES PINHEIRO | 20572321000178,2386,0.00000000000000000000
PSOL | CANDIDATO | FERNANDO OLIVEIRA RODRIGUES | 20559080000127,390,0.00000000000000000000
PCB | CANDIDATO | KARIN COMERLATTO DA ROSA | 20569484000100,1550,0.00000000000000000000
PDT | CANDIDATO | ANDRE VINICIUS BUENO | 20576023000156,36506,0.00000000000000000000
PSL | CANDIDATO | JOSE ADAIR RODRIGUES BRIZOLA | 20573365000112,3454,0.00000000000000000000
PSL | CANDIDATO | EDNILSON CARLOS BERTOL | 20571227000102,516,0.00000000000000000000
PTC | CANDIDATO | ALTIVIR ALVES DE OLIVEIRA | 20582072000100,0,0.00000000000000000000
PSOL | CANDIDATO | VINÍCIUS PRADO ALVES | 20559089000138,946,0.00000000000000000000
PSOL | CANDIDATO | MAURI ANTONIO GAUER JUNIOR | 20559196000166,879,0.00000000000000000000
PSL | CANDIDATO | MARCIO DA SILVA | 20569142000181,488,0.00000000000000000000
PRTB | CANDIDATO | GEONISIO CESAR MARINHO | 20571315000104,7303,0.00000000000000000000
PSOL | CANDIDATO | JOSÉ ODENIR VIATROSKI SANT ANA | 20559137000198,554,0.00000000000000000000
PSOL | CANDIDATO | ANDERSON ANDREAZZA | 20559581000103,1438,0.00000000000000000000
PCB | CANDIDATO | WILSON PREVIDI | 20689026000104,105,0.00000000000000000000
PHS | CANDIDATO | WAGNER MILANEZI | 20570132000166,3221,0.00000000000000000000
PHS | CANDIDATO | IZAQUE DE ALMEIDA CORREIA | 20572513000184,2220,0.00000000000000000000
PSC | CANDIDATO | ADEMIR ZACARIAS DA SILVA | 20567474000127,2450,0.00000000000000000000
PSL | CANDIDATO | CARLOS CEZAR ALVES | 20570091000108,661,0.00000000000000000000
PTC | CANDIDATO | TULIO MARCELO DENIG BANDEIRA | 20581973000179,13700,0.00000000000000000000
PTC | CANDIDATO | GILDA FERREIRA ZANETTI | 20581962000199,103,0.00000000000000000000
PV | CANDIDATO | GILSON SERGIO TESSARO | 20573430000100,747,0.00000000000000000000
PSTU | CANDIDATO | ALEXANDRE DOS SANTOS | 20576132000173,341,0.00000000000000000000
PMN | CANDIDATO | ODAIR MARCOS ROSSA PASA | 20605032000128,2459,0.00000000000000000000
PEN | CANDIDATO | SANLAI ARAUJO | 20580904000140,604,0.00000000000000000000
PSOL | CANDIDATO | LUIZ ROMEIRO PIVA | 20559460000161,50905,0.00000000000000000000
PSL | CANDIDATO | ADALBERTO LOSSO | 20570738000100,621,0.00000000000000000000
PSOL | CANDIDATO | THIAGO DE SOUSA BAGATIN | 20559082000116,5366,0.00000000000000000000
PSC | CANDIDATO | GRAYCE CLAUDINE VILALVA | 20569061000181,18,0.00000000000000000000
PSDC | CANDIDATO | FERNANDO SANT'ANA | 20614136000107,1590,0.00000000000000000000
PSTU | CANDIDATO | RODRIGO TOMAZINI DIAS | 20576434000141,5726,0.00000000000000000000
PTC | CANDIDATO | EDMILSON CARVALHO VIRIATO | 20581964000188,0,0.00000000000000000000
PSDC | CANDIDATO | JOSÉ CARLOS CHICARELLI | 20581731000185,8001,0.00000000000000000000
PSC | CANDIDATO | ELIZETE LOIOLA PAIVA | 20573436000187,87,0.00000000000000000000
PPL | CANDIDATO | MARIO JOSE DE RAUEN BACELLAR FILHO | 20570888000105,57,0.00000000000000000000
PTC | CANDIDATO | LUIZ ANTONIO BARBARA | 20581730000130,0,-0.00000000000000000005
PSOL | CANDIDATO | BERNARDO SEIXAS PILOTTO | 20559154000125,35327,-0.00000000000000000011
PSOL | CANDIDATO | SIRINEU ZANCHI MEDEIROS DE WITT | 20559542000106,568,-0.00000000000000000022
PSOL | CANDIDATO | XÊNIA KAROLINE MELLO | 20559153000180,2399,-0.00000000000000000022
PSC | CANDIDATO | JULIO HIDEO ANDO | 20564954000134,1782,-0.00000000000000000022
PSC | CANDIDATO | TANIA MARA ABRÃO GUERREIRO | 20566475000157,0,-0.00000000000000000043
PPS | CANDIDATO | JOSE ADAO MONTEIRO | 20571760000166,480,-0.00000000000000000043
PSOL | CANDIDATO | CARLOS GOMES DE MATTOS | 20559446000168,131,-0.00000000000000000043
PRP | CANDIDATO | ELICEU PALMONARI | 20576659000106,5368,-0.00000000000000000043
PSDC | CANDIDATO | EDEMILSON FERNANDO VIDAL | 20580010000150,1547,-0.00000000000000000043
PP | CANDIDATO | NILSON DOS SANTOS BEZERRA | 20571951000128,3039,-0.00000000000000000087
PDT | CANDIDATO | MARCELO EDUARDO HENRIQUE | 20577027000159,837,-0.00000000000000000087
PDT | CANDIDATO | INES APARECIDA DE PAULA | 20572581000143,10186,-0.00000000000000000087
PSC | CANDIDATO | CLAUDINEI MESSIAS LEBEDIEFF | 20573311000157,2972,-0.00000000000000000087
PSDC | CANDIDATO | SAIONARA APARECIDA DA SILVEIRA GALACHO | 20622898000147,70,-0.00000000000000000087
PSC | CANDIDATO | ELICIANE APARECIDA DA SILVA | 20569049000177,16,-0.00000000000000000087
PSC | CANDIDATO | VANIL BARBARINE | 20567811000186,2218,-0.00000000000000000087
PTC | CANDIDATO | JOSE APARECIDO DA SILVA | 20582015000112,2492,-0.00000000000000000087
SD | CANDIDATO | KATYA MICHELLY CAETANO DA SILVA | 20633082000119,2026,-0.00000000000000000087
PT | CANDIDATO | IGLE MARIA DOS SANTOS | 20569168000120,4910,-0.00000000000000000130
PP | CANDIDATO | FRANCISCA PALACIO BEZERRA | 20570746000148,16,-0.00000000000000000173
PSDC | CANDIDATO | ALINE SLEUTJES ROBERTO | 20576032000147,19059,-0.00000000000000000173
PRTB | CANDIDATO | TEREZA APARECIDA ADAMO MONTREZOL | 20571361000103,316,-0.00000000000000000173
PSDC | CANDIDATO | ANDREA CARVALHO VELOSO | 20578028000118,672,-0.00000000000000000173
PHS | CANDIDATO | JOSE FERNANDO IBANEZ | 20570383000140,15679,-0.00000000000000000173
PTC | CANDIDATO | GILMAR JOSE PIRES | 20581562000183,0,-0.00000000000000000173
PP | CANDIDATO | ANTONIO ANTONHOLI | 20572286000197,3399,-0.00000000000000000173
PTC | CANDIDATO | PAULO SILVA DE MACEDO | 20581991000150,0,-0.00000000000000000173
PSC | CANDIDATO | OLIZETE MARIA JUNGLES | 20571330000144,323,-0.00000000000000000173
PDT | CANDIDATO | ROGERIO UMBERTO DE ANDRADE | 20577563000154,691,-0.00000000000000000173
PEN | CANDIDATO | JOÃO DA SILVA CRUZ | 20614189000110,276,-0.00000000000000000173
PT do B | CANDIDATO | JORGE LUIZ DOS SANTOS | 20565528000115,6176,-0.00000000000000000173
SD | CANDIDATO | NELSON SILVA DE SOUZA | 20573486000164,0,-0.00000000000000000173
PRP | CANDIDATO | SIDENEI HORTA RIBAS | 20632310000136,1533,-0.00000000000000000173
PTC | CANDIDATO | SERGIO BATISTA PALOMBO | 20679939000131,185,-0.00000000000000000173
PMDB | CANDIDATO | ELIANE REGINA DOS SANTOS BORGES DA SILVA | 20572589000100,1101,-0.00000000000000000173
PSL | CANDIDATO | SIDNEI DEMICIO | 20569144000170,4872,-0.00000000000000000173
PSDB | CANDIDATO | HAMILTON LUIZ SERIGHELLI | 20572309000163,2908,-0.00000000000000000173
PTC | CANDIDATO | PAULO ROBERTO KEGLES | 20581455000155,679,-0.00000000000000000173
DEM | CANDIDATO | PEDRO DEBONI LUPION MELLO | 20569470000188,63580,-0.00000000000000000173
PSC | CANDIDATO | ELTON SOMAVILA | 20564222000144,1614,-0.00000000000000000173
PSL | CANDIDATO | ADEMAR PEREIRA TORRES | 20578462000106,1521,-0.00000000000000000173
PMDB | CANDIDATO | JOSE APARECIDA MOREIRA DA ROSA | 20571565000136,411,-0.00000000000000000173
PTC | CANDIDATO | CESAR BISPO SILVA | 20581168000145,308,-0.00000000000000000173
PSB | CANDIDATO | REGIANE MICHAKI | 20797108000164,103,-0.00000000000000000173
PSOL | CANDIDATO | CHRISTIANE ELIZABETH RIGHETTO | 20559486000100,1377,-0.00000000000000000173
PSC | CANDIDATO | LINDAMAR DA SILVA QUEIROZ | 20571996000100,1,-0.00000000000000000173
SD | CANDIDATO | WALDIRLEI BUENO DE OLIVEIRA | 20574699000100,10926,-0.00000000000000000260
PRP | CANDIDATO | OGIER ALBERGE BUCHI | 20576334000115,50446,-0.00000000000000000260
PSDB | CANDIDATO | PEDRO MARIA MARTENDAL DE ARAUJO | 20570725000122,6224,-0.00000000000000000347
PSOL | CANDIDATO | LUIZ FELIPE BERGMANN | 20559414000162,837,-0.00000000000000000347
PV | CANDIDATO | MARCELO ELIAS ROQUE | 20573405000126,18273,-0.00000000000000000347
PRTB | CANDIDATO | JOSÉ LOURENÇO GOUVEIA | 20570245000161,97,-0.00000000000000000347
PRP | CANDIDATO | FABIANO DOS SANTOS | 20576129000150,1863,-0.00000000000000000347
PMDB | CANDIDATO | OSMAR JOSE SERRAGLIO | 20569055000124,117048,-0.00000000000000000347
PRP | CANDIDATO | MAURI VIANA PEREIRA | 20576643000195,18073,-0.00000000000000000347
PRTB | CANDIDATO | EDMILSON GONÇALVES DE OLIVEIRA | 20572844000114,830,-0.00000000000000000347
PSC | CANDIDATO | SIRLENE TAVARES | 20573348000185,6,-0.00000000000000000347
PSC | CANDIDATO | BENTO ELISEO ALEIXO | 20564143000133,12286,-0.00000000000000000520
PTC | CANDIDATO | CLAUDENIR RIBEIRO | 20581220000163,1461,-0.00000000000000000520
PSC | CANDIDATO | NELSON PADOVANI | 20569187000156,75519,-0.00000000000000001735
